8.850000000000000000e+03	-1.438561943376126528e+01	3.712755561812139504e+00
8.850200000000000728e+03	-1.441489895727843162e+01	3.712755561812139504e+00
8.850400000000001455e+03	-1.443280253247895395e+01	3.712755561812139504e+00
8.850600000000002183e+03	-1.444698014149601839e+01	3.712755561812139504e+00
8.850800000000002910e+03	-1.445932868634644386e+01	3.712755561812139504e+00
8.851000000000003638e+03	-1.447060048046616565e+01	3.712755561812139504e+00
8.851200000000004366e+03	-1.448116829236227687e+01	3.712755561812139504e+00
8.851400000000005093e+03	-1.449124306045132826e+01	3.712755561812139504e+00
8.851600000000005821e+03	-1.450095520866672771e+01	3.712755561812139504e+00
8.851800000000006548e+03	-1.451039063964967291e+01	3.712755561812139504e+00
8.852000000000007276e+03	-1.451960865686304203e+01	3.712755561812139504e+00
8.852200000000008004e+03	-1.452865169769668796e+01	3.712755561812139504e+00
8.852400000000008731e+03	-1.453755098574214877e+01	3.712755561812139504e+00
8.852600000000009459e+03	-1.454632999146356553e+01	3.712755561812139504e+00
8.852800000000010186e+03	-1.455500664491681739e+01	3.712755561812139504e+00
8.853000000000010914e+03	-1.456359480122723760e+01	3.712755561812139504e+00
8.853200000000011642e+03	-1.457210524027021314e+01	3.712755561812139504e+00
8.853400000000012369e+03	-1.458054636544375349e+01	3.712755561812139504e+00
8.853600000000013097e+03	-1.458892470168946787e+01	3.712755561812139504e+00
8.853800000000013824e+03	-1.459724525655174965e+01	3.712755561812139504e+00
8.854000000000014552e+03	-1.460551178410396567e+01	3.712755561812139504e+00
8.854200000000015280e+03	-1.461372697997673242e+01	3.712755561812139504e+00
8.854400000000016007e+03	-1.462189262451732219e+01	3.712755561812139504e+00
8.854600000000016735e+03	-1.463000968757147824e+01	3.712755561812139504e+00
8.854800000000017462e+03	-1.463807840287442907e+01	3.712755561812139504e+00
8.855000000000018190e+03	-1.464609831832457232e+01	3.712755561812139504e+00
8.855200000000018917e+03	-1.465406832588354114e+01	3.712755561812139504e+00
8.855400000000019645e+03	-1.466198667439691405e+01	3.712755561812139504e+00
8.855600000000020373e+03	-1.466985096590077831e+01	3.712755561812139504e+00
8.855800000000021100e+03	-1.467765813729589830e+01	3.712755561812139504e+00
8.856000000000021828e+03	-1.468540442605698892e+01	3.712755561812139504e+00
8.856200000000022555e+03	-1.469308532007958767e+01	3.712755561812139504e+00
8.856400000000023283e+03	-1.470069548929850711e+01	3.712755561812139504e+00
8.856600000000024011e+03	-1.470822869664811527e+01	3.712755561812139504e+00
8.856800000000024738e+03	-1.471567768450513292e+01	3.712755561812139504e+00
8.857000000000025466e+03	-1.472303403098428376e+01	3.712755561812139504e+00
8.857200000000026193e+03	-1.473028796931669682e+01	3.712755561812139504e+00
8.857400000000026921e+03	-1.473742815915941762e+01	3.712755561812139504e+00
8.857600000000027649e+03	-1.474444139661186171e+01	3.712755561812139504e+00
8.857800000000028376e+03	-1.475131224229528293e+01	3.712755561812139504e+00
8.858000000000029104e+03	-1.475802253950243070e+01	3.712755561812139504e+00
8.858200000000029831e+03	-1.476455077977919750e+01	3.712755561812139504e+00
8.858400000000030559e+03	-1.477087125474039198e+01	3.712755561812139504e+00
8.858600000000031287e+03	-1.477695289650477761e+01	3.712755561812139504e+00
8.858800000000032014e+03	-1.478275765375800255e+01	3.712755561812139504e+00
8.859000000000032742e+03	-1.478823814905338274e+01	3.712755561812139504e+00
8.859200000000033469e+03	-1.479333417333245393e+01	3.712755561812139504e+00
8.859400000000034197e+03	-1.479796720142429400e+01	3.712755561812139504e+00
8.859600000000034925e+03	-1.480203130721966076e+01	3.712755561812139504e+00
8.859800000000035652e+03	-1.480537694930158565e+01	3.712755561812139504e+00
8.860000000000036380e+03	-1.480777891194389895e+01	3.712755561812139504e+00
8.860200000000037107e+03	-1.480886265616173603e+01	3.712755561812139504e+00
8.860400000000037835e+03	-1.480788810066293060e+01	3.712755561812139504e+00
8.860600000000038563e+03	-1.480270199968039080e+01	3.712755561812139504e+00
8.860800000000039290e+03	-1.479679837685448973e+01	3.704778022444284336e+00
8.861000000000040018e+03	-1.479518635789116665e+01	3.694781163288685999e+00
8.861200000000040745e+03	-1.479689270381265231e+01	3.684784304133087662e+00
8.861400000000041473e+03	-1.480076014245292626e+01	3.674787444977488882e+00
8.861600000000042201e+03	-1.480630130853598203e+01	3.664790585821890545e+00
8.861800000000042928e+03	-1.481324700651234672e+01	3.654793726666291764e+00
8.862000000000043656e+03	-1.482142938308974500e+01	3.644796867510693428e+00
8.862200000000044383e+03	-1.483073676581483191e+01	3.634800008355094647e+00
8.862400000000045111e+03	-1.484109239073944408e+01	3.624803149199496310e+00
8.862600000000045839e+03	-1.485244310119614219e+01	3.614806290043897530e+00
8.862800000000046566e+03	-1.486475285634693932e+01	3.604809430888299193e+00
8.863000000000047294e+03	-1.487799882029661980e+01	3.594812571732700412e+00
8.863200000000048021e+03	-1.489216896111134680e+01	3.584815712577102076e+00
8.863400000000048749e+03	-1.490726060860397162e+01	3.574818853421503295e+00
8.863600000000049477e+03	-1.492327967549619139e+01	3.564821994265904959e+00
8.863800000000050204e+03	-1.494024038702660739e+01	3.554825135110306178e+00
8.864000000000050932e+03	-1.495816544783289004e+01	3.544828275954707841e+00
8.864200000000051659e+03	-1.497708663805616602e+01	3.534831416799109061e+00
8.864400000000052387e+03	-1.499704588436091335e+01	3.524834557643510724e+00
8.864600000000053114e+03	-1.501809691394762325e+01	3.514837698487911943e+00
8.864800000000053842e+03	-1.504030768608746982e+01	3.504840839332313607e+00
8.865000000000054570e+03	-1.506376392723679025e+01	3.494843980176714826e+00
8.865200000000055297e+03	-1.508857432319094904e+01	3.484847121021116489e+00
8.865400000000056025e+03	-1.511487833129992353e+01	3.474850261865517709e+00
8.865600000000056752e+03	-1.514285837895715048e+01	3.464853402709919372e+00
8.865800000000057480e+03	-1.517275990908157368e+01	3.454856543554321036e+00
8.866000000000058208e+03	-1.520492668623618648e+01	3.444859684398722255e+00
8.866200000000058935e+03	-1.523986928132711149e+01	3.434862825243123474e+00
8.866400000000059663e+03	-1.527841821029536895e+01	3.424865966087525138e+00
8.866600000000060390e+03	-1.532215618873823892e+01	3.414869106931926801e+00
8.866800000000061118e+03	-1.537538771048156860e+01	3.404872247776328020e+00
8.867000000000061846e+03	-1.543425275052518408e+01	3.408325018834354125e+00
8.867200000000062573e+03	-1.548623327217895884e+01	3.423320307567747633e+00
8.867400000000063301e+03	-1.552889703213173078e+01	3.438315596301141142e+00
8.867600000000064028e+03	-1.556622519799477367e+01	3.453310885034534650e+00
8.867800000000064756e+03	-1.559971258731096633e+01	3.468306173767928158e+00
8.868000000000065484e+03	-1.563014624714880441e+01	3.483301462501321666e+00
8.868200000000066211e+03	-1.565800550461430518e+01	3.498296751234715174e+00
8.868400000000066939e+03	-1.568360543720087108e+01	3.513292039968108682e+00
8.868600000000067666e+03	-1.570716114115666961e+01	3.528287328701502190e+00
8.868800000000068394e+03	-1.572882040304962992e+01	3.543282617434895254e+00
8.869000000000069122e+03	-1.574868142202410226e+01	3.558277906168288762e+00
8.869200000000069849e+03	-1.576680236865677287e+01	3.573273194901682270e+00
8.869400000000070577e+03	-1.578320570820030788e+01	3.588268483635075778e+00
8.869600000000071304e+03	-1.579787834915768130e+01	3.603263772368469287e+00
8.869800000000072032e+03	-1.581076738619131739e+01	3.618259061101862795e+00
8.870000000000072760e+03	-1.582176968512233017e+01	3.633254349835256303e+00
8.870200000000073487e+03	-1.583071067065282556e+01	3.648249638568649811e+00
8.870400000000074215e+03	-1.583730034507746964e+01	3.663244927302043319e+00
8.870600000000074942e+03	-1.584103102391656570e+01	3.678240216035436383e+00
8.870800000000075670e+03	-1.584087876709975617e+01	3.693235504768829891e+00
8.871000000000076398e+03	-1.583388215917926622e+01	3.708230793502223399e+00
8.871200000000077125e+03	-1.582417532413271388e+01	3.712755561812139504e+00
8.871400000000077853e+03	-1.581928305494635367e+01	3.712755561812139504e+00
8.871600000000078580e+03	-1.581887483136995165e+01	3.712755561812139504e+00
8.871800000000079308e+03	-1.582096955642909997e+01	3.712755561812139504e+00
8.872000000000080036e+03	-1.582477468598085757e+01	3.712755561812139504e+00
8.872200000000080763e+03	-1.582985909402922964e+01	3.712755561812139504e+00
8.872400000000081491e+03	-1.583595288908182575e+01	3.712755561812139504e+00
8.872600000000082218e+03	-1.584287247562622980e+01	3.712755561812139504e+00
8.872800000000082946e+03	-1.585048583644489817e+01	3.712755561812139504e+00
8.873000000000083674e+03	-1.585869418593671654e+01	3.712755561812139504e+00
8.873200000000084401e+03	-1.586742135369665796e+01	3.712755561812139504e+00
8.873400000000085129e+03	-1.587660721672473230e+01	3.712755561812139504e+00
8.873600000000085856e+03	-1.588620342192202450e+01	3.712755561812139504e+00
8.873800000000086584e+03	-1.589617048375908404e+01	3.712755561812139504e+00
8.874000000000087311e+03	-1.590647574885796978e+01	3.712755561812139504e+00
8.874200000000088039e+03	-1.591709192781088689e+01	3.712755561812139504e+00
8.874400000000088767e+03	-1.592799601186458069e+01	3.712755561812139504e+00
8.874600000000089494e+03	-1.593916845707544105e+01	3.712755561812139504e+00
8.874800000000090222e+03	-1.595059255942283016e+01	3.712755561812139504e+00
8.875000000000090949e+03	-1.596225396894414672e+01	3.712755561812139504e+00
8.875200000000091677e+03	-1.597414030705054699e+01	3.712755561812139504e+00
8.875400000000092405e+03	-1.598624086139415823e+01	3.712755561812139504e+00
8.875600000000093132e+03	-1.599854634065321690e+01	3.712755561812139504e+00
8.875800000000093860e+03	-1.601104867492190564e+01	3.712755561812139504e+00
8.876000000000094587e+03	-1.602374085272740700e+01	3.712755561812139504e+00
8.876200000000095315e+03	-1.603661678657636713e+01	3.712755561812139504e+00
8.876400000000096043e+03	-1.604967120160345928e+01	3.712755561812139504e+00
8.876600000000096770e+03	-1.606289954288782695e+01	3.712755561812139504e+00
8.876800000000097498e+03	-1.607629789809877963e+01	3.712755561812139504e+00
8.877000000000098225e+03	-1.608986293255195932e+01	3.712755561812139504e+00
8.877200000000098953e+03	-1.610359183521249804e+01	3.712755561812139504e+00
8.877400000000099681e+03	-1.611748227298124903e+01	3.712755561812139504e+00
8.877600000000100408e+03	-1.613153235315017398e+01	3.712755561812139504e+00
8.877800000000101136e+03	-1.614574059177336096e+01	3.712755561812139504e+00
8.878000000000101863e+03	-1.616010588812302728e+01	3.712755561812139504e+00
8.878200000000102591e+03	-1.617462750399931082e+01	3.712755561812139504e+00
8.878400000000103319e+03	-1.618930504738732523e+01	3.712755561812139504e+00
8.878600000000104046e+03	-1.620413846059288332e+01	3.712755561812139504e+00
8.878800000000104774e+03	-1.621912801189084519e+01	3.712755561812139504e+00
8.879000000000105501e+03	-1.623427429087782414e+01	3.712755561812139504e+00
8.879200000000106229e+03	-1.624957820755408733e+01	3.712755561812139504e+00
8.879400000000106957e+03	-1.626504099481472565e+01	3.712755561812139504e+00
8.879600000000107684e+03	-1.628066421463510949e+01	3.712755561812139504e+00
8.879800000000108412e+03	-1.629644976807418288e+01	3.712755561812139504e+00
8.880000000000109139e+03	-1.631239990937553941e+01	3.712755561812139504e+00
8.880200000000109867e+03	-1.632851726461883146e+01	3.712755561812139504e+00
8.880400000000110595e+03	-1.634480485519565462e+01	3.712755561812139504e+00
8.880600000000111322e+03	-1.636126612743930764e+01	3.712755561812139504e+00
8.880800000000112050e+03	-1.637790498836931263e+01	3.712755561812139504e+00
8.881000000000112777e+03	-1.639472584960778789e+01	3.712755561812139504e+00
8.881200000000113505e+03	-1.641173368059093107e+01	3.712755561812139504e+00
8.881400000000114233e+03	-1.642893407274764073e+01	3.712755561812139504e+00
8.881600000000114960e+03	-1.644633331758164019e+01	3.712755561812139504e+00
8.881800000000115688e+03	-1.646393850192999864e+01	3.712755561812139504e+00
8.882000000000116415e+03	-1.648175762428515156e+01	3.712755561812139504e+00
8.882200000000117143e+03	-1.649979973820472168e+01	3.712755561812139504e+00
8.882400000000117871e+03	-1.651807513098212254e+01	3.712755561812139504e+00
8.882600000000118598e+03	-1.653659554739510185e+01	3.712755561812139504e+00
8.882800000000119326e+03	-1.655537447443919419e+01	3.712755561812139504e+00
8.883000000000120053e+03	-1.657442750773117623e+01	3.712755561812139504e+00
8.883200000000120781e+03	-1.659377283088413790e+01	3.712755561812139504e+00
8.883400000000121508e+03	-1.661343185422946789e+01	3.712755561812139504e+00
8.883600000000122236e+03	-1.663343008395514389e+01	3.712755561812139504e+00
8.883800000000122964e+03	-1.665379833577619451e+01	3.712755561812139504e+00
8.884000000000123691e+03	-1.667457448004815390e+01	3.712755561812139504e+00
8.884200000000124419e+03	-1.669580604590575490e+01	3.712755561812139504e+00
8.884400000000125146e+03	-1.671755428401536037e+01	3.712755561812139504e+00
8.884600000000125874e+03	-1.673990087803117177e+01	3.712755561812139504e+00
8.884800000000126602e+03	-1.676295988760417899e+01	3.712755561812139504e+00
8.885000000000127329e+03	-1.678690128367543366e+01	3.712755561812139504e+00
8.885200000000128057e+03	-1.681200479980793361e+01	3.712755561812139504e+00
8.885400000000128784e+03	-1.683881719654959142e+01	3.712755561812139504e+00
8.885600000000129512e+03	-1.686890846362654273e+01	3.712755561812139504e+00
8.885800000000130240e+03	-1.689988425401546834e+01	3.718443298857448731e+00
8.886000000000130967e+03	-1.692799267566027410e+01	3.725940943224147262e+00
8.886200000000131695e+03	-1.695374744305585679e+01	3.733438587590845348e+00
8.886400000000132422e+03	-1.697807153213008036e+01	3.740936231957543878e+00
8.886600000000133150e+03	-1.700134905594635981e+01	3.748433876324242409e+00
8.886800000000133878e+03	-1.702379367425316659e+01	3.755931520690940495e+00
8.887000000000134605e+03	-1.704554121461311311e+01	3.763429165057639025e+00
8.887200000000135333e+03	-1.706668504048679580e+01	3.770926809424337556e+00
8.887400000000136060e+03	-1.708729264135034498e+01	3.778424453791035642e+00
8.887600000000136788e+03	-1.710741447232832613e+01	3.785922098157734172e+00
8.887800000000137516e+03	-1.712708909631703236e+01	3.793419742524432259e+00
8.888000000000138243e+03	-1.714634637135583262e+01	3.800917386891130789e+00
8.888200000000138971e+03	-1.716520952203849149e+01	3.808415031257829320e+00
8.888400000000139698e+03	-1.718369653326244162e+01	3.815912675624527406e+00
8.888600000000140426e+03	-1.720182111078343112e+01	3.823410319991225936e+00
8.888800000000141154e+03	-1.721959335168016025e+01	3.830907964357924467e+00
8.889000000000141881e+03	-1.723702021238399951e+01	3.838405608724622553e+00
8.889200000000142609e+03	-1.725410582881371013e+01	3.845903253091321083e+00
8.889400000000143336e+03	-1.727085172284852987e+01	3.853400897458019614e+00
8.889600000000144064e+03	-1.728725691752883264e+01	3.860898541824717700e+00
8.889800000000144792e+03	-1.730331797318222087e+01	3.868396186191416231e+00
8.890000000000145519e+03	-1.731902895098602713e+01	3.875893830558114761e+00
8.890200000000146247e+03	-1.733438130438282698e+01	3.883391474924812847e+00
8.890400000000146974e+03	-1.734936369466624484e+01	3.890889119291511378e+00
8.890600000000147702e+03	-1.736396171992538839e+01	3.898386763658209908e+00
8.890800000000148430e+03	-1.737815754235513310e+01	3.905884408024907994e+00
8.891000000000149157e+03	-1.739192938795100574e+01	3.913382052391606525e+00
8.891200000000149885e+03	-1.740525088310160129e+01	3.920879696758305055e+00
8.891400000000150612e+03	-1.741809017360044720e+01	3.928377341125003142e+00
8.891600000000151340e+03	-1.743040874623289582e+01	3.935874985491701672e+00
8.891800000000152068e+03	-1.744215983132537318e+01	3.943372629858400202e+00
8.892000000000152795e+03	-1.745328619637360745e+01	3.950870274225098289e+00
8.892200000000153523e+03	-1.746371702573075879e+01	3.958367918591796819e+00
8.892400000000154250e+03	-1.747336337198038692e+01	3.965865562958494905e+00
8.892600000000154978e+03	-1.748211127375417107e+01	3.973363207325193436e+00
8.892800000000155705e+03	-1.748981083787786162e+01	3.980860851691891966e+00
8.893000000000156433e+03	-1.749625783279071101e+01	3.988358496058590497e+00
8.893200000000157161e+03	-1.750116003095356731e+01	3.995856140425288583e+00
8.893400000000157888e+03	-1.750406820989945444e+01	4.003353784791986669e+00
8.893600000000158616e+03	-1.750420743664714962e+01	4.010851429158685200e+00
8.893800000000159343e+03	-1.749990189556039155e+01	4.018349073525383730e+00
8.894000000000160071e+03	-1.748782419692700429e+01	4.024468102952788229e+00
8.894200000000160799e+03	-1.747673444204481896e+01	4.014471243797189892e+00
8.894400000000161526e+03	-1.747435916476710815e+01	4.004474384641591556e+00
8.894600000000162254e+03	-1.747656848448369971e+01	3.994477525485992775e+00
8.894800000000162981e+03	-1.748197667061547378e+01	3.984480666330393994e+00
8.895000000000163709e+03	-1.748989328613833649e+01	3.974483807174795658e+00
8.895200000000164437e+03	-1.749990891006584093e+01	3.964486948019196877e+00
8.895400000000165164e+03	-1.751175603857813456e+01	3.954490088863598540e+00
8.895600000000165892e+03	-1.752524921005777614e+01	3.944493229707999760e+00
8.895800000000166619e+03	-1.754025502569593087e+01	3.934496370552401423e+00
8.896000000000167347e+03	-1.755667553707155193e+01	3.924499511396802642e+00
8.896200000000168075e+03	-1.757443836315358610e+01	3.914502652241203862e+00
8.896400000000168802e+03	-1.759349051480839776e+01	3.904505793085605525e+00
8.896600000000169530e+03	-1.761379441821767244e+01	3.894508933930007188e+00
8.896800000000170257e+03	-1.763532533216847398e+01	3.884512074774408408e+00
8.897000000000170985e+03	-1.765806971007577175e+01	3.874515215618809627e+00
8.897200000000171713e+03	-1.768202425393125310e+01	3.864518356463211290e+00
8.897400000000172440e+03	-1.770719552298960764e+01	3.854521497307612510e+00
8.897600000000173168e+03	-1.773360004151645342e+01	3.844524638152014173e+00
8.897800000000173895e+03	-1.776126491327066859e+01	3.834527778996415392e+00
8.898000000000174623e+03	-1.779022901651961774e+01	3.824530919840817056e+00
8.898200000000175351e+03	-1.782054493806122863e+01	3.814534060685218275e+00
8.898400000000176078e+03	-1.785228193028434163e+01	3.804537201529619939e+00
8.898600000000176806e+03	-1.788553038636491266e+01	3.794540342374021158e+00
8.898800000000177533e+03	-1.792040871535450819e+01	3.784543483218422821e+00
8.899000000000178261e+03	-1.795707425946714153e+01	3.774546624062824041e+00
8.899200000000178989e+03	-1.799574152452747455e+01	3.764549764907225704e+00
8.899400000000179716e+03	-1.803671486888494613e+01	3.754552905751626923e+00
8.899600000000180444e+03	-1.808045332576115172e+01	3.744556046596028587e+00
8.899800000000181171e+03	-1.812771987850826605e+01	3.734559187440429806e+00
8.900000000000181899e+03	-1.818002088647304504e+01	3.724562328284831469e+00
8.900200000000182627e+03	-1.824174324422412852e+01	3.714565469129232689e+00
8.900400000000183354e+03	-1.830559729127183388e+01	3.720942513650642436e+00
8.900600000000184082e+03	-1.836157927850046079e+01	3.730939372806238108e+00
8.900800000000184809e+03	-1.841196639625765741e+01	3.740936231961833780e+00
8.901000000000185537e+03	-1.845902221690162293e+01	3.750933091117429452e+00
8.901200000000186265e+03	-1.850372525875563312e+01	3.760929950273025124e+00
8.901400000000186992e+03	-1.854663078630408535e+01	3.770926809428620796e+00
8.901600000000187720e+03	-1.858809773705667467e+01	3.780923668584216468e+00
8.901800000000188447e+03	-1.862837735390455052e+01	3.790920527739812140e+00
8.902000000000189175e+03	-1.866765534797282200e+01	3.800917386895407812e+00
8.902200000000189902e+03	-1.870607461051317699e+01	3.810914246051003484e+00
8.902400000000190630e+03	-1.874374856254737054e+01	3.820911105206598712e+00
8.902600000000191358e+03	-1.878076953493076218e+01	3.830907964362194384e+00
8.902800000000192085e+03	-1.881721430945481188e+01	3.840904823517790057e+00
8.903000000000192813e+03	-1.885314794672395422e+01	3.850901682673385729e+00
8.903200000000193540e+03	-1.888862653470052777e+01	3.860898541828981401e+00
8.903400000000194268e+03	-1.892369923707211754e+01	3.870895400984577073e+00
8.903600000000194996e+03	-1.895840988128449922e+01	3.880892260140172745e+00
8.903800000000195723e+03	-1.899279824592804999e+01	3.890889119295768417e+00
8.904000000000196451e+03	-1.902690116408855303e+01	3.900885978451364089e+00
8.904200000000197178e+03	-1.906075353691915453e+01	3.910882837606959761e+00
8.904400000000197906e+03	-1.909438934603674198e+01	3.920879696762555433e+00
8.904600000000198634e+03	-1.912784276579291642e+01	3.930876555918151105e+00
8.904800000000199361e+03	-1.916114951160038160e+01	3.940873415073746777e+00
8.905000000000200089e+03	-1.919434863650745982e+01	3.950870274229342449e+00
8.905200000000200816e+03	-1.922748514554866617e+01	3.960867133384938121e+00
8.905400000000201544e+03	-1.926061413704082170e+01	3.970863992540533793e+00
8.905600000000202272e+03	-1.929380798148875797e+01	3.980860851696129465e+00
8.905800000000202999e+03	-1.932717018484257210e+01	3.990857710851725138e+00
8.906000000000203727e+03	-1.936086643895153259e+01	4.000854570007320810e+00
8.906200000000204454e+03	-1.939521268236201479e+01	4.010851429162916482e+00
8.906400000000205182e+03	-1.943107928585843069e+01	4.020848288318512154e+00
8.906600000000205910e+03	-1.946760444700862180e+01	4.033639779752115295e+00
8.906800000000206637e+03	-1.950226963773156896e+01	4.048635068485515909e+00
8.907000000000207365e+03	-1.953464788513018746e+01	4.063630357218915634e+00
8.907200000000208092e+03	-1.956549417225179255e+01	4.078625645952315359e+00
8.907400000000208820e+03	-1.959507376269985812e+01	4.093620934685715973e+00
8.907600000000209548e+03	-1.962350642342818574e+01	4.108616223419115698e+00
8.907800000000210275e+03	-1.965084335895860335e+01	4.123611512152515424e+00
8.908000000000211003e+03	-1.967709365779185404e+01	4.138606800885916037e+00
8.908200000000211730e+03	-1.970223462840924000e+01	4.153602089619315763e+00
8.908400000000212458e+03	-1.972621509279712271e+01	4.168597378352715488e+00
8.908600000000213186e+03	-1.974895452564644316e+01	4.183592667086116101e+00
8.908800000000213913e+03	-1.977033876488219022e+01	4.198587955819515827e+00
8.909000000000214641e+03	-1.979021185866476529e+01	4.213583244552915552e+00
8.909200000000215368e+03	-1.980836249240108771e+01	4.228578533286316166e+00
8.909400000000216096e+03	-1.982450169000745177e+01	4.243573822019715891e+00
8.909600000000216824e+03	-1.983822497752529657e+01	4.258569110753115616e+00
8.909800000000217551e+03	-1.984894403529056461e+01	4.273564399486516230e+00
8.910000000000218279e+03	-1.985575087958843099e+01	4.288559688219915955e+00
8.910200000000219006e+03	-1.985710593455755912e+01	4.303554976953316569e+00
8.910400000000219734e+03	-1.984992748458910938e+01	4.318550265686716294e+00
8.910600000000220462e+03	-1.982523633135276953e+01	4.333545554420116019e+00
8.910800000000221189e+03	-1.979624112480226117e+01	4.316186925765153504e+00
8.911000000000221917e+03	-1.978566071752384303e+01	4.286196348298366487e+00
8.911200000000222644e+03	-1.979199820327164261e+01	4.256205770831579471e+00
8.911400000000223372e+03	-1.980974472517738860e+01	4.226215193364792455e+00
8.911600000000224099e+03	-1.983694657957077467e+01	4.196224615898005439e+00
8.911800000000224827e+03	-1.987287267906291177e+01	4.166234038431218423e+00
8.912000000000225555e+03	-1.991753348280561653e+01	4.136243460964431407e+00
8.912200000000226282e+03	-1.997168490460350654e+01	4.106252883497644390e+00
8.912400000000227010e+03	-2.003732460952778283e+01	4.076262306030857374e+00
8.912600000000227737e+03	-2.012010812747965005e+01	4.046271728564070358e+00
8.912800000000228465e+03	-2.022091708719336367e+01	4.029743248828508762e+00
8.913000000000229193e+03	-2.031703912913470589e+01	4.044738537561908487e+00
8.913200000000229920e+03	-2.039589446612888324e+01	4.059733826295309100e+00
8.913400000000230648e+03	-2.046632891432163248e+01	4.074729115028708826e+00
8.913600000000231375e+03	-2.053139349390422552e+01	4.089724403762108551e+00
8.913800000000232103e+03	-2.059261652801814435e+01	4.104719692495509165e+00
8.914000000000232831e+03	-2.065090004783077404e+01	4.119714981228908890e+00
8.914200000000233558e+03	-2.070682736131706747e+01	4.134710269962309503e+00
8.914400000000234286e+03	-2.076079684869306163e+01	4.149705558695709229e+00
8.914600000000235013e+03	-2.081308892211678341e+01	4.164700847429108954e+00
8.914800000000235741e+03	-2.086390253248337601e+01	4.179696136162509568e+00
8.915000000000236469e+03	-2.091337588525082936e+01	4.194691424895909293e+00
8.915200000000237196e+03	-2.096159788606623309e+01	4.209686713629309018e+00
8.915400000000237924e+03	-2.100861321340319421e+01	4.224682002362709632e+00
8.915600000000238651e+03	-2.105442187954152189e+01	4.239677291096109357e+00
8.915800000000239379e+03	-2.109897238448214551e+01	4.254672579829509083e+00
8.916000000000240107e+03	-2.114214491709210364e+01	4.269667868562909696e+00
8.916200000000240834e+03	-2.118371496090847472e+01	4.284663157296309421e+00
8.916400000000241562e+03	-2.122326902856724473e+01	4.299658446029709147e+00
8.916600000000242289e+03	-2.125996657391941014e+01	4.314653734763109760e+00
8.916800000000243017e+03	-2.129147768564868315e+01	4.329649023496509486e+00
8.917000000000243745e+03	-2.131928501726752145e+01	4.337756204024058704e+00
8.917200000000244472e+03	-2.135095028160761288e+01	4.337756204024058704e+00
8.917400000000245200e+03	-2.138886876039391183e+01	4.337756204024058704e+00
8.917600000000245927e+03	-2.143050409610761164e+01	4.337756204024058704e+00
8.917800000000246655e+03	-2.147495983162706423e+01	4.337756204024058704e+00
8.918000000000247383e+03	-2.152179491809254941e+01	4.337756204024058704e+00
8.918200000000248110e+03	-2.157076490217674447e+01	4.337756204024058704e+00
8.918400000000248838e+03	-2.162173128089581553e+01	4.337756204024058704e+00
8.918600000000249565e+03	-2.167462213054804465e+01	4.337756204024058704e+00
8.918800000000250293e+03	-2.172941322453104718e+01	4.337756204024058704e+00
8.919000000000251021e+03	-2.178611912925322969e+01	4.337756204024058704e+00
8.919200000000251748e+03	-2.184479024090875043e+01	4.337756204024058704e+00
8.919400000000252476e+03	-2.190551437233262178e+01	4.337756204024058704e+00
8.919600000000253203e+03	-2.196842302756297727e+01	4.337756204024058704e+00
8.919800000000253931e+03	-2.203370398442276468e+01	4.337756204024058704e+00
8.920000000000254659e+03	-2.210162419201156325e+01	4.337756204024058704e+00
8.920200000000255386e+03	-2.217257216007912390e+01	4.337756204024058704e+00
8.920400000000256114e+03	-2.224714259982526343e+01	4.337756204024058704e+00
8.920600000000256841e+03	-2.232632974534775272e+01	4.337756204024058704e+00
8.920800000000257569e+03	-2.241208428198693525e+01	4.337756204024058704e+00
8.921000000000258296e+03	-2.250991762900864757e+01	4.337756204024058704e+00
8.921200000000259024e+03	-2.261329462756461339e+01	4.356333905026361641e+00
8.921400000000259752e+03	-2.270709941376922814e+01	4.386324482493147769e+00
8.921600000000260479e+03	-2.279011982438811756e+01	4.416315059959934786e+00
8.921800000000261207e+03	-2.286656472707558763e+01	4.446305637426721802e+00
8.922000000000261934e+03	-2.293790429129020225e+01	4.476296214893508818e+00
8.922200000000262662e+03	-2.300472660733998609e+01	4.506286792360295834e+00
8.922400000000263390e+03	-2.306711369694743041e+01	4.536277369827082850e+00
8.922600000000264117e+03	-2.312466752740017029e+01	4.566267947293869867e+00
8.922800000000264845e+03	-2.317623451338161189e+01	4.596258524760655995e+00
8.923000000000265572e+03	-2.321859650939094877e+01	4.626249102227443011e+00
8.923200000000266300e+03	-2.324897717843998990e+01	4.650256525130017415e+00
8.923400000000267028e+03	-2.328257569233827695e+01	4.650256525130017415e+00
8.923600000000267755e+03	-2.333008299558728993e+01	4.650256525130017415e+00
8.923800000000268483e+03	-2.338516789125365491e+01	4.650256525130017415e+00
8.924000000000269210e+03	-2.344574086202741370e+01	4.650256525130017415e+00
8.924200000000269938e+03	-2.351080759556607447e+01	4.650256525130017415e+00
8.924400000000270666e+03	-2.357982239263800750e+01	4.650256525130017415e+00
8.924600000000271393e+03	-2.365246993141958498e+01	4.650256525130017415e+00
8.924800000000272121e+03	-2.372857204585695357e+01	4.650256525130017415e+00
8.925000000000272848e+03	-2.380804239974780501e+01	4.650256525130017415e+00
8.925200000000273576e+03	-2.389086318367375483e+01	4.650256525130017415e+00
8.925400000000274304e+03	-2.397707366181555955e+01	4.650256525130017415e+00
8.925600000000275031e+03	-2.406676635816996068e+01	4.650256525130017415e+00
8.925800000000275759e+03	-2.416008951332733190e+01	4.650256525130017415e+00
8.926000000000276486e+03	-2.425725640856667553e+01	4.650256525130017415e+00
8.926200000000277214e+03	-2.435856448720172907e+01	4.650256525130017415e+00
8.926400000000277942e+03	-2.446443157169718319e+01	4.650256525130017415e+00
8.926600000000278669e+03	-2.457546722008520490e+01	4.650256525130017415e+00
8.926800000000279397e+03	-2.469263019665487136e+01	4.650256525130017415e+00
8.927000000000280124e+03	-2.481765749320657477e+01	4.650256525130017415e+00
8.927200000000280852e+03	-2.495489218824546285e+01	4.650256525130017415e+00
8.927400000000281580e+03	-2.510379807076625269e+01	4.661041164285114391e+00
8.927600000000282307e+03	-2.524944281298744286e+01	4.691031741751914730e+00
8.927800000000283035e+03	-2.538499130000799298e+01	4.721022319218715069e+00
8.928000000000283762e+03	-2.551622435011645607e+01	4.751012896685514519e+00
8.928200000000284490e+03	-2.564528211543041536e+01	4.781003474152314858e+00
8.928400000000285218e+03	-2.577333533542649135e+01	4.810994051619115197e+00
8.928600000000285945e+03	-2.590115653984362254e+01	4.840984629085914648e+00
8.928800000000286673e+03	-2.602932015976839253e+01	4.870975206552714987e+00
8.929000000000287400e+03	-2.615829239680615359e+01	4.900965784019515326e+00
8.929200000000288128e+03	-2.628847888051403814e+01	4.930956361486314776e+00
8.929400000000288856e+03	-2.642025370576925525e+01	4.960946938953115115e+00
8.929600000000289583e+03	-2.655397982981621041e+01	4.990937516419915454e+00
8.929800000000290311e+03	-2.669002594124885164e+01	5.020928093886714905e+00
8.930000000000291038e+03	-2.682878321862059678e+01	5.050918671353515244e+00
8.930200000000291766e+03	-2.697068532333605617e+01	5.080909248820315582e+00
8.930400000000292493e+03	-2.711623645749434175e+01	5.110899826287115033e+00
8.930600000000293221e+03	-2.726605671309375367e+01	5.140890403753915372e+00
8.930800000000293949e+03	-2.742096617690576110e+01	5.170880981220715711e+00
8.931000000000294676e+03	-2.758216866244854160e+01	5.200871558687515162e+00
8.931200000000295404e+03	-2.775176362759177096e+01	5.230862136154315500e+00
8.931400000000296131e+03	-2.793505671127363144e+01	5.260852713621115839e+00
8.931600000000296859e+03	-2.812807510379946763e+01	5.306429414833881530e+00
8.931800000000297587e+03	-2.831605552123630076e+01	5.366410569767455563e+00
8.932000000000298314e+03	-2.849593958531140814e+01	5.426391724701028707e+00
8.932200000000299042e+03	-2.867289246515887768e+01	5.486372879634602739e+00
8.932400000000299769e+03	-2.884905024999891054e+01	5.546354034568176772e+00
8.932600000000300497e+03	-2.902571376452214835e+01	5.606335189501750804e+00
8.932800000000301225e+03	-2.920384282963894407e+01	5.666316344435324837e+00
8.933000000000301952e+03	-2.938423710449263382e+01	5.726297499368898869e+00
8.933200000000302680e+03	-2.956762167940909691e+01	5.786278654302472901e+00
8.933400000000303407e+03	-2.975469618342244260e+01	5.846259809236046934e+00
8.933600000000304135e+03	-2.994616852058516088e+01	5.906240964169620966e+00
8.933800000000304863e+03	-3.014278274948885539e+01	5.966222119103194110e+00
8.934000000000305590e+03	-3.034534669584430588e+01	6.026203274036768143e+00
8.934200000000306318e+03	-3.055476404499023246e+01	6.086184428970342175e+00
8.934400000000307045e+03	-3.077207688514296535e+01	6.146165583903916207e+00
8.934600000000307773e+03	-3.099852875661126816e+01	6.206146738837490240e+00
8.934800000000308501e+03	-3.123566867019701476e+01	6.266127893771063384e+00
8.935000000000309228e+03	-3.148554499996003031e+01	6.326109048704637416e+00
8.935200000000309956e+03	-3.175113064306431809e+01	6.386090203638211449e+00
8.935400000000310683e+03	-3.203752332160745908e+01	6.446071358571785481e+00
8.935600000000311411e+03	-3.235754944677560019e+01	6.506052513505359514e+00
8.935800000000312139e+03	-3.269682288076668186e+01	6.606808885112092078e+00
8.936000000000312866e+03	-3.302677012131018586e+01	6.726771194979239255e+00
8.936200000000313594e+03	-3.334968487343818566e+01	6.846733504846387319e+00
8.936400000000314321e+03	-3.367585755321686491e+01	6.966695814713535384e+00
8.936600000000315049e+03	-3.401122710241148894e+01	7.086658124580683449e+00
8.936800000000315777e+03	-3.436106968479471391e+01	7.206620434447831514e+00
8.937000000000316504e+03	-3.473131245395527600e+01	7.326582744314978690e+00
8.937200000000317232e+03	-3.512987643660061110e+01	7.446545054182126755e+00
8.937400000000317959e+03	-3.556951276247043126e+01	7.566507364049274820e+00
8.937600000000318687e+03	-3.607862911642808967e+01	7.686469673916421996e+00
8.937800000000319415e+03	-3.667081574645079911e+01	7.860983417072997526e+00
8.938000000000320142e+03	-3.724344356893784180e+01	8.190879769207656480e+00
8.938200000000320870e+03	-3.773526586594717003e+01	8.520776121342315435e+00
8.938400000000321597e+03	-3.819315626012691212e+01	8.850672473476976165e+00
8.938600000000322325e+03	-3.863681011200078785e+01	9.180568825611635120e+00
8.938800000000323053e+03	-3.908004497048874271e+01	9.510465177746294074e+00
8.939000000000323780e+03	-3.953604877939982742e+01	9.840361529880954805e+00
8.939200000000324508e+03	-4.002065952718640318e+01	1.017025788201561198e+01
8.939400000000325235e+03	-4.055712565551723969e+01	1.050015423415027271e+01
8.939600000000325963e+03	-4.118852149735309354e+01	1.083005058628493167e+01
8.939800000000326690e+03	-4.203681030635680571e+01	1.115994693841959062e+01
8.940000000000327418e+03	-4.289819693157993896e+01	1.194324696324424551e+01
8.940200000000328146e+03	-4.350412422635996279e+01	1.281297370978182926e+01
8.940400000000328873e+03	-4.392632596249295318e+01	1.368270045631941301e+01
8.940600000000329601e+03	-4.422628434406466624e+01	1.455242720285699676e+01
8.940800000000330328e+03	-4.443308374968233920e+01	1.542215394939458051e+01
8.941000000000331056e+03	-4.456625165815130174e+01	1.629188069593216426e+01
8.941200000000331784e+03	-4.464306612369472305e+01	1.716160744246974801e+01
8.941400000000332511e+03	-4.468396421721567435e+01	1.803133418900733176e+01
8.941600000000333239e+03	-4.472225302921112444e+01	1.890106093554491551e+01
8.941800000000333966e+03	-4.484269195457775936e+01	1.977078768208249926e+01
8.942000000000334694e+03	-4.500353468402830259e+01	2.087981081191778188e+01
8.942200000000335422e+03	-4.491286022516371901e+01	2.231935853032356221e+01
8.942400000000336149e+03	-4.445552667198833774e+01	2.375890624872934254e+01
8.942600000000336877e+03	-4.372096188991852017e+01	2.519845396713512287e+01
8.942800000000337604e+03	-4.272883721084927089e+01	2.663800168554090320e+01
8.943000000000338332e+03	-4.147419487870264732e+01	2.807754940394668353e+01
8.943200000000339060e+03	-3.993373757319712780e+01	2.951709712235246741e+01
8.943400000000339787e+03	-3.806144557396225991e+01	3.095664484075824419e+01
8.943600000000340515e+03	-3.577147764432973531e+01	3.239619255916402807e+01
8.943800000000341242e+03	-3.288280234200230012e+01	3.383574027756980485e+01
8.944000000000341970e+03	-2.883854442425116815e+01	3.527528799212963406e+01
8.944200000000342698e+03	-2.476817993263742324e+01	3.446554240052638107e+01
8.944400000000343425e+03	-2.180076715501906648e+01	3.365579680892312808e+01
8.944600000000344153e+03	-1.937821058629500115e+01	3.284605121731987509e+01
8.944800000000344880e+03	-1.731729060993880154e+01	3.203630562571662921e+01
8.945000000000345608e+03	-1.552872501314338116e+01	3.122656003411337622e+01
8.945200000000346336e+03	-1.396125649367648158e+01	3.041681444251012323e+01
8.945400000000347063e+03	-1.258346418079089801e+01	2.960706885090687024e+01
8.945600000000347791e+03	-1.137691145929126968e+01	2.879732325930361725e+01
8.945800000000348518e+03	-1.033540636163203708e+01	2.798757766770036781e+01
8.946000000000349246e+03	-9.477743503525223545e+00	2.717783207609711837e+01
8.946200000000349974e+03	-8.760171820101090745e+00	2.647246267097340322e+01
8.946400000000350701e+03	-8.084601475136286908e+00	2.584266054417032521e+01
8.946600000000351429e+03	-7.433049873426592846e+00	2.521285841736724720e+01
8.946800000000352156e+03	-6.828322359229367144e+00	2.458305629056416919e+01
8.947000000000352884e+03	-6.277622877073435248e+00	2.395325416376109118e+01
8.947200000000353612e+03	-5.784587126564061599e+00	2.332345203695801317e+01
8.947400000000354339e+03	-5.352215205530557185e+00	2.269364991015493160e+01
8.947600000000355067e+03	-4.984425850912801437e+00	2.206384778335185359e+01
8.947800000000355794e+03	-4.688094450863607321e+00	2.143404565654877558e+01
8.948000000000356522e+03	-4.479398289517245502e+00	2.080424352974569757e+01
8.948200000000357250e+03	-4.377670348209582230e+00	2.019844882615350201e+01
8.948400000000357977e+03	-4.308043938802399886e+00	1.971859958668490975e+01
8.948600000000358705e+03	-4.214008325593326276e+00	1.923875034721631749e+01
8.948800000000359432e+03	-4.129971190377397683e+00	1.875890110774772523e+01
8.949000000000360160e+03	-4.068974328581951738e+00	1.827905186827913298e+01
8.949200000000360887e+03	-4.039302911099745153e+00	1.779920262881054072e+01
8.949400000000361615e+03	-4.048305611608506993e+00	1.731935338934194846e+01
8.949600000000362343e+03	-4.104458895573387167e+00	1.683950414987335265e+01
8.949800000000363070e+03	-4.219984755448578539e+00	1.635965491040476039e+01
8.950000000000363798e+03	-4.417295357379067866e+00	1.587980567093616813e+01
8.950200000000364525e+03	-4.758824950361697503e+00	1.539995643146757587e+01
8.950400000000365253e+03	-5.153374821475346756e+00	1.514208234870754488e+01
8.950600000000365981e+03	-5.451213983753910419e+00	1.496213888390682278e+01
8.950800000000366708e+03	-5.669041501057177967e+00	1.478219541910609891e+01
8.951000000000367436e+03	-5.844982444867120819e+00	1.460225195430537504e+01
8.951200000000368163e+03	-5.994918047056133403e+00	1.442230848950465294e+01
8.951400000000368891e+03	-6.127792131956187660e+00	1.424236502470392907e+01
8.951600000000369619e+03	-6.249423193919968256e+00	1.406242155990320697e+01
8.951800000000370346e+03	-6.363960313604979824e+00	1.388247809510248310e+01
8.952000000000371074e+03	-6.474572613589372416e+00	1.370253463030175922e+01
8.952200000000371801e+03	-6.583825866735870669e+00	1.352259116550103712e+01
8.952400000000372529e+03	-6.693913553825046492e+00	1.334264770070031325e+01
8.952600000000373257e+03	-6.806816100198306962e+00	1.316270423589959293e+01
8.952800000000373984e+03	-6.924426779789773612e+00	1.298276077109887083e+01
8.953000000000374712e+03	-7.048669634775821535e+00	1.280281730629814874e+01
8.953200000000375439e+03	-7.181633196215611470e+00	1.262287384149742842e+01
8.953400000000376167e+03	-7.325753333464831485e+00	1.244293037669670632e+01
8.953600000000376895e+03	-7.484108904163937481e+00	1.226298691189598422e+01
8.953800000000377622e+03	-7.660981724441456642e+00	1.208304344709526212e+01
8.954000000000378350e+03	-7.863126791038341779e+00	1.190309998229454180e+01
8.954200000000379077e+03	-8.103515514268954334e+00	1.172315651749381971e+01
8.954400000000379805e+03	-8.419742189476599137e+00	1.154321305269309761e+01
8.954600000000380533e+03	-8.744029100897055429e+00	1.150726425595350833e+01
8.954800000000381260e+03	-8.996604743733870535e+00	1.148727053764230988e+01
8.955000000000381988e+03	-9.205668404345894729e+00	1.146727681933111320e+01
8.955200000000382715e+03	-9.387365545097651420e+00	1.144728310101991475e+01
8.955400000000383443e+03	-9.549164783106533605e+00	1.142728938270871808e+01
8.955600000000384171e+03	-9.695454702408625280e+00	1.140729566439751963e+01
8.955800000000384898e+03	-9.829144854320405855e+00	1.138730194608632296e+01
8.956000000000385626e+03	-9.952314835014655969e+00	1.136730822777512451e+01
8.956200000000386353e+03	-1.006652999436928297e+01	1.134731450946392783e+01
8.956400000000387081e+03	-1.017301416167267192e+01	1.132732079115272938e+01
8.956600000000387809e+03	-1.027275239617081048e+01	1.130732707284153093e+01
8.956800000000388536e+03	-1.036655609935952604e+01	1.128733335453033426e+01
8.957000000000389264e+03	-1.045510638126409297e+01	1.126733963621913581e+01
8.957200000000389991e+03	-1.053898413607106122e+01	1.124734591790793914e+01
8.957400000000390719e+03	-1.061869162087391594e+01	1.122735219959674069e+01
8.957600000000391447e+03	-1.069466839874994513e+01	1.120735848128554402e+01
8.957800000000392174e+03	-1.076730343103158205e+01	1.118736476297434557e+01
8.958000000000392902e+03	-1.083694448062610682e+01	1.116737104466314889e+01
8.958200000000393629e+03	-1.090390560773507467e+01	1.114737732635195044e+01
8.958400000000394357e+03	-1.096847330961881362e+01	1.112738360804075377e+01
8.958600000000395084e+03	-1.103091171727243491e+01	1.110738988972955532e+01
8.958800000000395812e+03	-1.109146718123461817e+01	1.108739617141835865e+01
8.959000000000396540e+03	-1.115037255817424544e+01	1.106740245310716020e+01
8.959200000000397267e+03	-1.120785154694329400e+01	1.104740873479596175e+01
8.959400000000397995e+03	-1.126412355789519104e+01	1.102741501648476508e+01
8.959600000000398722e+03	-1.131940993990141564e+01	1.100742129817356663e+01
8.959800000000399450e+03	-1.137394322627903342e+01	1.098742757986236995e+01
8.960000000000400178e+03	-1.142798334296872476e+01	1.096743386155117150e+01
8.960200000000400905e+03	-1.148185213483160538e+01	1.094744014323997483e+01
8.960400000000401633e+03	-1.153602970584478271e+01	1.092744642492877638e+01
8.960600000000402360e+03	-1.159160075885597685e+01	1.090745270661757971e+01
8.960800000000403088e+03	-1.164754627312426649e+01	1.089065997804208941e+01
8.961000000000403816e+03	-1.170149790816851265e+01	1.087566468930869057e+01
8.961200000000404543e+03	-1.175348812695914269e+01	1.086066940057528996e+01
8.961400000000405271e+03	-1.180436544804298116e+01	1.084567411184189112e+01
8.961600000000405998e+03	-1.185454850859415998e+01	1.083067882310849050e+01
8.961800000000406726e+03	-1.190433258254917348e+01	1.081568353437508989e+01
8.962000000000407454e+03	-1.195396333317422233e+01	1.080068824564169105e+01
8.962200000000408181e+03	-1.200366583138219134e+01	1.078569295690829044e+01
8.962400000000408909e+03	-1.205365995642923060e+01	1.077069766817488983e+01
8.962600000000409636e+03	-1.210417099409889907e+01	1.075570237944149099e+01
8.962800000000410364e+03	-1.215543892418119398e+01	1.074070709070809038e+01
8.963000000000411092e+03	-1.220772838416230144e+01	1.072571180197469154e+01
8.963200000000411819e+03	-1.226134107585039068e+01	1.071071651324129093e+01
8.963400000000412547e+03	-1.231663293415460458e+01	1.069572122450789031e+01
8.963600000000413274e+03	-1.237403992042832357e+01	1.068072593577449148e+01
8.963800000000414002e+03	-1.243411985335968950e+01	1.066573064704109086e+01
8.964000000000414730e+03	-1.249762625519307413e+01	1.065073535830769202e+01
8.964200000000415457e+03	-1.256565354291624104e+01	1.063574006957429141e+01
8.964400000000416185e+03	-1.263996967903103297e+01	1.062074478084089080e+01
8.964600000000416912e+03	-1.272399171971651377e+01	1.060574949210749196e+01
8.964800000000417640e+03	-1.282751205224096580e+01	1.059075420337409135e+01
8.965000000000418368e+03	-1.293481032284127608e+01	1.061177004914839728e+01
8.965200000000419095e+03	-1.302343603378419701e+01	1.064176062661518429e+01
8.965400000000419823e+03	-1.309794808117623255e+01	1.067175120408197131e+01
8.965600000000420550e+03	-1.316363632732923428e+01	1.070174178154876010e+01
8.965800000000421278e+03	-1.322279700651929346e+01	1.073173235901554712e+01
8.966000000000422006e+03	-1.327675581746705546e+01	1.076172293648233413e+01
8.966200000000422733e+03	-1.332639359121903766e+01	1.079171351394912293e+01
8.966400000000423461e+03	-1.337235122466342752e+01	1.082170409141590994e+01
8.966600000000424188e+03	-1.341512803016905941e+01	1.085169466888269874e+01
8.966800000000424916e+03	-1.345513613579230672e+01	1.088168524634948575e+01
8.967000000000425644e+03	-1.349273443531014927e+01	1.091167582381627277e+01
8.967200000000426371e+03	-1.352825263679147128e+01	1.094166640128306156e+01
8.967400000000427099e+03	-1.356201109008675942e+01	1.097165697874984858e+01
8.967600000000427826e+03	-1.359434038259782973e+01	1.100164755621663559e+01
8.967800000000428554e+03	-1.362560478798893548e+01	1.103163813368342439e+01
8.968000000000429281e+03	-1.365623571481078002e+01	1.106162871115021140e+01
8.968200000000430009e+03	-1.368678731752554789e+01	1.109161928861699842e+01
8.968400000000430737e+03	-1.371804364646981789e+01	1.112160986608378721e+01
8.968600000000431464e+03	-1.375126446133576685e+01	1.115160044355057423e+01
8.968800000000432192e+03	-1.378891632470460316e+01	1.118159102101736124e+01
8.969000000000432919e+03	-1.383830387477966362e+01	1.121158159848415004e+01
8.969200000000433647e+03	-1.388530946897480511e+01	1.127038108354670243e+01
8.969400000000434375e+03	-1.391491707376728293e+01	1.133036223848030133e+01
8.969600000000435102e+03	-1.393370433674679276e+01	1.139034339341390201e+01
8.969800000000435830e+03	-1.394432006383580180e+01	1.145032454834750268e+01
8.970000000000436557e+03	-1.394800099165692764e+01	1.151030570328110159e+01
8.970200000000437285e+03	-1.394543808864575318e+01	1.157028685821470226e+01
8.970400000000438013e+03	-1.393704393986826062e+01	1.163026801314830294e+01
8.970600000000438740e+03	-1.392306246360111821e+01	1.169024916808190362e+01
8.970800000000439468e+03	-1.390362049368609121e+01	1.175023032301550252e+01
8.971000000000440195e+03	-1.387875289642711607e+01	1.181021147794910320e+01
8.971200000000440923e+03	-1.384841316437019820e+01	1.187019263288270388e+01
8.971400000000441651e+03	-1.381247407435272834e+01	1.193017378781630278e+01
8.971600000000442378e+03	-1.377071940895173263e+01	1.199015494274990346e+01
8.971800000000443106e+03	-1.372282503276915477e+01	1.205013609768350413e+01
8.972000000000443833e+03	-1.366832411976675843e+01	1.211011725261710303e+01
8.972200000000444561e+03	-1.360654465494079268e+01	1.217009840755070371e+01
8.972400000000445289e+03	-1.353649141770880959e+01	1.223007956248430439e+01
8.972600000000446016e+03	-1.345659878115977293e+01	1.229006071741790329e+01
8.972800000000446744e+03	-1.336411130414671966e+01	1.235004187235150397e+01
8.973000000000447471e+03	-1.325286102680070321e+01	1.241002302728510465e+01
8.973200000000448199e+03	-1.311331168346958798e+01	1.246276455277903494e+01
8.973400000000448927e+03	-1.297547587311785477e+01	1.246276455277903494e+01
8.973600000000449654e+03	-1.286392855718579753e+01	1.246276455277903494e+01
8.973800000000450382e+03	-1.276488801931385098e+01	1.246276455277903494e+01
8.974000000000451109e+03	-1.267365675141476089e+01	1.246276455277903494e+01
8.974200000000451837e+03	-1.258784728889105153e+01	1.246276455277903494e+01
8.974400000000452565e+03	-1.250600259651637103e+01	1.246276455277903494e+01
8.974600000000453292e+03	-1.242712963172285967e+01	1.246276455277903494e+01
8.974800000000454020e+03	-1.235049656440523336e+01	1.246276455277903494e+01
8.975000000000454747e+03	-1.227552935536668244e+01	1.246276455277903494e+01
8.975200000000455475e+03	-1.220175226823847581e+01	1.246276455277903494e+01
8.975400000000456203e+03	-1.212874972093786674e+01	1.246276455277903494e+01
8.975600000000456930e+03	-1.205613871743827303e+01	1.246276455277903494e+01
8.975800000000457658e+03	-1.198354575058199956e+01	1.246276455277903494e+01
8.976000000000458385e+03	-1.191058360502789171e+01	1.246276455277903494e+01
8.976200000000459113e+03	-1.183682301700954298e+01	1.246276455277903494e+01
8.976400000000459841e+03	-1.176175100456402767e+01	1.246276455277903494e+01
8.976600000000460568e+03	-1.168469835932605960e+01	1.246276455277903494e+01
8.976800000000461296e+03	-1.160468945095410653e+01	1.246276455277903494e+01
8.977000000000462023e+03	-1.152004964051193170e+01	1.246276455277903494e+01
8.977200000000462751e+03	-1.142681157094234301e+01	1.246276455277903494e+01
8.977400000000463479e+03	-1.132373713877218968e+01	1.245434325346859161e+01
8.977600000000464206e+03	-1.122577218088088991e+01	1.242435267600179749e+01
8.977800000000464934e+03	-1.114155238790541347e+01	1.239436209853500159e+01
8.978000000000465661e+03	-1.106494542325352270e+01	1.236437152106820569e+01
8.978200000000466389e+03	-1.099376935808199462e+01	1.233438094360140980e+01
8.978400000000467116e+03	-1.092688547146616784e+01	1.230439036613461390e+01
8.978600000000467844e+03	-1.086358842600095009e+01	1.227439978866781800e+01
8.978800000000468572e+03	-1.080339611260365373e+01	1.224440921120102210e+01
8.979000000000469299e+03	-1.074595730996913012e+01	1.221441863373422620e+01
8.979200000000470027e+03	-1.069100460488601634e+01	1.218442805626743031e+01
8.979400000000470754e+03	-1.063832782705292068e+01	1.215443747880063619e+01
8.979600000000471482e+03	-1.058775791624590923e+01	1.212444690133384029e+01
8.979800000000472210e+03	-1.053915657354303015e+01	1.209445632386704439e+01
8.980000000000472937e+03	-1.049240934158137861e+01	1.206446574640024849e+01
8.980200000000473665e+03	-1.044742084000755256e+01	1.203447516893345259e+01
8.980400000000474392e+03	-1.040411142321746496e+01	1.200448459146665670e+01
8.980600000000475120e+03	-1.036241482774102529e+01	1.197449401399986080e+01
8.980800000000475848e+03	-1.032227654799148020e+01	1.194450343653306490e+01
8.981000000000476575e+03	-1.028365278529884819e+01	1.191451285906627078e+01
8.981200000000477303e+03	-1.024650989286204883e+01	1.188452228159947488e+01
8.981400000000478030e+03	-1.021082429615886689e+01	1.185453170413267898e+01
8.981600000000478758e+03	-1.017658293767265931e+01	1.182454112666588308e+01
8.981800000000479486e+03	-1.014378436689308671e+01	1.179455054919908719e+01
8.982000000000480213e+03	-1.011244072797985183e+01	1.176455997173229129e+01
8.982200000000480941e+03	-1.008258111362950160e+01	1.173456939426549539e+01
8.982400000000481668e+03	-1.005425718844963967e+01	1.170457881679869949e+01
8.982600000000482396e+03	-1.002755291576917607e+01	1.167458823933190359e+01
8.982800000000483124e+03	-1.000260246718563550e+01	1.164459766186510947e+01
8.983000000000483851e+03	-9.979626640937382831e+00	1.161460708439831357e+01
8.983200000000484579e+03	-9.959019402392744524e+00	1.158461650693151768e+01
8.983400000000485306e+03	-9.941618508648645047e+00	1.155462592946472178e+01
8.983600000000486034e+03	-9.929736753472312216e+00	1.152484476448566930e+01
8.983800000000486762e+03	-9.918346934150207517e+00	1.150485104617447085e+01
8.984000000000487489e+03	-9.902579444737131809e+00	1.148485732786327418e+01
8.984200000000488217e+03	-9.884870526556401416e+00	1.146486360955207573e+01
8.984400000000488944e+03	-9.866016457055197364e+00	1.144486989124087906e+01
8.984600000000489672e+03	-9.846401990357756873e+00	1.142487617292968061e+01
8.984800000000490400e+03	-9.826246547888649374e+00	1.140488245461848393e+01
8.985000000000491127e+03	-9.805686266479588298e+00	1.138488873630728548e+01
8.985200000000491855e+03	-9.784809037341991811e+00	1.136489501799608881e+01
8.985400000000492582e+03	-9.763671863399435935e+00	1.134490129968489036e+01
8.985600000000493310e+03	-9.742310318830355698e+00	1.132490758137369369e+01
8.985800000000494038e+03	-9.720744015950096184e+00	1.130491386306249524e+01
8.986000000000494765e+03	-9.698979848898352074e+00	1.128492014475129679e+01
8.986200000000495493e+03	-9.677013882106200171e+00	1.126492642644010012e+01
8.986400000000496220e+03	-9.654832334865853127e+00	1.124493270812890167e+01
8.986600000000496948e+03	-9.632411895703967275e+00	1.122493898981770499e+01
8.986800000000497676e+03	-9.609719475335506189e+00	1.120494527150650654e+01
8.987000000000498403e+03	-9.586711421698669966e+00	1.118495155319530987e+01
8.987200000000499131e+03	-9.563332153109389111e+00	1.116495783488411142e+01
8.987400000000499858e+03	-9.539512087068620971e+00	1.114496411657291475e+01
8.987600000000500586e+03	-9.515164652067925388e+00	1.112497039826171630e+01
8.987800000000501313e+03	-9.490182024279262052e+00	1.110497667995051962e+01
8.988000000000502041e+03	-9.464428999606843362e+00	1.108498296163932118e+01
8.988200000000502769e+03	-9.437734015921964925e+00	1.106498924332812450e+01
8.988400000000503496e+03	-9.409875591248940907e+00	1.104499552501692605e+01
8.988600000000504224e+03	-9.380560983367455918e+00	1.102500180670572760e+01
8.988800000000504951e+03	-9.349390729380088416e+00	1.100500808839453093e+01
8.989000000000505679e+03	-9.315795278836146665e+00	1.098501437008333248e+01
8.989200000000506407e+03	-9.278909747049063128e+00	1.096502065177213581e+01
8.989400000000507134e+03	-9.237286750737695229e+00	1.094502693346093736e+01
8.989600000000507862e+03	-9.188056596790165287e+00	1.092503321514974068e+01
8.989800000000508589e+03	-9.122884924816949237e+00	1.090503949683854223e+01
8.990000000000509317e+03	-9.054677777476456413e+00	1.085461144108360720e+01
8.990200000000510045e+03	-9.003513464455544124e+00	1.079463028615003317e+01
8.990400000000510772e+03	-8.966653613994695959e+00	1.073464913121645914e+01
8.990600000000511500e+03	-8.939278036675588623e+00	1.067466797628288511e+01
8.990800000000512227e+03	-8.919439303809838293e+00	1.061468682134931107e+01
8.991000000000512955e+03	-8.906110138152570244e+00	1.055470566641573882e+01
8.991200000000513683e+03	-8.898693984657771949e+00	1.049472451148216479e+01
8.991400000000514410e+03	-8.896840579518778824e+00	1.043474335654859075e+01
8.991600000000515138e+03	-8.900362541103506331e+00	1.037476220161501672e+01
8.991800000000515865e+03	-8.909194849165931629e+00	1.031478104668144269e+01
8.992000000000516593e+03	-8.923376418309748814e+00	1.025479989174786866e+01
8.992200000000517321e+03	-8.943045695085945823e+00	1.019481873681429462e+01
8.992400000000518048e+03	-8.968447827162741248e+00	1.013483758188072059e+01
8.992600000000518776e+03	-8.999954583806651698e+00	1.007485642694714656e+01
8.992800000000519503e+03	-9.038102234848469863e+00	1.001487527201357253e+01
8.993000000000520231e+03	-9.083659608480035175e+00	9.954894117079998495e+00
8.993200000000520959e+03	-9.137754326434306407e+00	9.894912962146426239e+00
8.993400000000521686e+03	-9.202127777888856386e+00	9.834931807212852206e+00
8.993600000000522414e+03	-9.279730053071476803e+00	9.774950652279278174e+00
8.993800000000523141e+03	-9.376494527198795836e+00	9.714969497345704141e+00
8.994000000000523869e+03	-9.510118011776928171e+00	9.654988342412130109e+00
8.994200000000524597e+03	-9.647485649954935738e+00	9.664075281662096728e+00
8.994400000000525324e+03	-9.751056451673862924e+00	9.679070570395497342e+00
8.994600000000526052e+03	-9.835094055628909260e+00	9.694065859128897955e+00
8.994800000000526779e+03	-9.906785470252726711e+00	9.709061147862296792e+00
8.995000000000527507e+03	-9.969458366898559021e+00	9.724056436595697406e+00
8.995200000000528235e+03	-1.002504618732154107e+01	9.739051725329098019e+00
8.995400000000528962e+03	-1.007481141903162225e+01	9.754047014062496856e+00
8.995600000000529690e+03	-1.011964166986470026e+01	9.769042302795897470e+00
8.995800000000530417e+03	-1.016019448966959615e+01	9.784037591529298084e+00
8.996000000000531145e+03	-1.019697712731832873e+01	9.799032880262696921e+00
8.996200000000531873e+03	-1.023039463053313014e+01	9.814028168996097534e+00
8.996400000000532600e+03	-1.026078132677140076e+01	9.829023457729498148e+00
8.996600000000533328e+03	-1.028842338236054665e+01	9.844018746462896985e+00
8.996800000000534055e+03	-1.031357706037192656e+01	9.859014035196297598e+00
8.997000000000534783e+03	-1.033648627840085155e+01	9.874009323929698212e+00
8.997200000000535510e+03	-1.035740366472857765e+01	9.889004612663097049e+00
8.997400000000536238e+03	-1.037662248966161904e+01	9.903999901396497663e+00
8.997600000000536966e+03	-1.039453712523794771e+01	9.918995190129898276e+00
8.997800000000537693e+03	-1.041178765820371943e+01	9.933990478863297113e+00
8.998000000000538421e+03	-1.042975412692658388e+01	9.948985767596697727e+00
8.998200000000539148e+03	-1.045115623718475106e+01	9.965200128728850970e+00
8.998400000000539876e+03	-1.046833156908720497e+01	9.995190706195637986e+00
8.998600000000540604e+03	-1.047447003616930949e+01	1.002518128366242500e+01
8.998800000000541331e+03	-1.047280932751630544e+01	1.005517186112921202e+01
8.999000000000542059e+03	-1.046412884129554755e+01	1.008516243859599903e+01
8.999200000000542786e+03	-1.044845159908885002e+01	1.011515301606278605e+01
8.999400000000543514e+03	-1.042530858372508185e+01	1.014514359352957307e+01
8.999600000000544242e+03	-1.039368064329471508e+01	1.017513417099636008e+01
8.999800000000544969e+03	-1.035164740157553354e+01	1.020512474846314710e+01
9.000000000000545697e+03	-1.029525270745542898e+01	1.023511532592993412e+01
9.000200000000546424e+03	-1.021305327774604166e+01	1.026510590339672113e+01
9.000400000000547152e+03	-1.011995175980711537e+01	1.025542812921109892e+01
9.000600000000547880e+03	-1.004607117323151400e+01	1.022543755174431190e+01
9.000800000000548607e+03	-9.991773769816814976e+00	1.019544697427752489e+01
9.001000000000549335e+03	-9.948792561681560898e+00	1.016545639681073787e+01
9.001200000000550062e+03	-9.913895480702240803e+00	1.013546581934395263e+01
9.001400000000550790e+03	-9.885356995435513383e+00	1.010547524187716562e+01
9.001600000000551518e+03	-9.862122042366813446e+00	1.007548466441037860e+01
9.001800000000552245e+03	-9.843497483388597757e+00	1.004549408694359158e+01
9.002000000000552973e+03	-9.829011403668722835e+00	1.001550350947680457e+01
9.002200000000553700e+03	-9.818340679709820051e+00	9.985512932010017551e+00
9.002400000000554428e+03	-9.811271247391701422e+00	9.955522354543230534e+00
9.002600000000555156e+03	-9.807676346098066489e+00	9.925531777076443518e+00
9.002800000000555883e+03	-9.807506286607978296e+00	9.895541199609656502e+00
9.003000000000556611e+03	-9.810787341681278306e+00	9.865550622142869486e+00
9.003200000000557338e+03	-9.817630164946459459e+00	9.835560044676082470e+00
9.003400000000558066e+03	-9.828251448099665666e+00	9.805569467209295453e+00
9.003600000000558794e+03	-9.843018812139131768e+00	9.775578889742508437e+00
9.003800000000559521e+03	-9.862545024571613084e+00	9.745588312275721421e+00
9.004000000000560249e+03	-9.887909865225610773e+00	9.715597734808934405e+00
9.004200000000560976e+03	-9.921318647267726831e+00	9.685607157342147389e+00
9.004400000000561704e+03	-9.969313971281815512e+00	9.655616579875360372e+00
9.004600000000562432e+03	-1.002086100216646969e+01	9.650261662825384334e+00
9.004800000000563159e+03	-1.006091489987547405e+01	9.650261662825384334e+00
9.005000000000563887e+03	-1.009291259692772158e+01	9.650261662825384334e+00
9.005200000000564614e+03	-1.012020565670567507e+01	9.650261662825384334e+00
9.005400000000565342e+03	-1.014423051573771772e+01	9.650261662825384334e+00
9.005600000000566070e+03	-1.016579326048429266e+01	9.650261662825384334e+00
9.005800000000566797e+03	-1.018540839497359585e+01	9.650261662825384334e+00
9.006000000000567525e+03	-1.020343110710781431e+01	9.650261662825384334e+00
9.006200000000568252e+03	-1.022012009466311255e+01	9.650261662825384334e+00
9.006400000000568980e+03	-1.023567131809149622e+01	9.650261662825384334e+00
9.006600000000569707e+03	-1.025023776244650264e+01	9.650261662825384334e+00
9.006800000000570435e+03	-1.026394177067299296e+01	9.650261662825384334e+00
9.007000000000571163e+03	-1.027688313289364430e+01	9.650261662825384334e+00
9.007200000000571890e+03	-1.028914460556071653e+01	9.650261662825384334e+00
9.007400000000572618e+03	-1.030079580205860701e+01	9.650261662825384334e+00
9.007600000000573345e+03	-1.031189601132532552e+01	9.650261662825384334e+00
9.007800000000574073e+03	-1.032249628714822265e+01	9.650261662825384334e+00
9.008000000000574801e+03	-1.033264102852737665e+01	9.650261662825384334e+00
9.008200000000575528e+03	-1.034236919618250106e+01	9.650261662825384334e+00
9.008400000000576256e+03	-1.035171526387019014e+01	9.650261662825384334e+00
9.008600000000576983e+03	-1.036070997228758017e+01	9.650261662825384334e+00
9.008800000000577711e+03	-1.036938093568858754e+01	9.650261662825384334e+00
9.009000000000578439e+03	-1.037775313375724195e+01	9.650261662825384334e+00
9.009200000000579166e+03	-1.038584931755627316e+01	9.650261662825384334e+00
9.009400000000579894e+03	-1.039369034576975359e+01	9.650261662825384334e+00
9.009600000000580621e+03	-1.040129546835540886e+01	9.650261662825384334e+00
9.009800000000581349e+03	-1.040868256737751807e+01	9.650261662825384334e+00
9.010000000000582077e+03	-1.041586836377973135e+01	9.650261662825384334e+00
9.010200000000582804e+03	-1.042286859832866419e+01	9.650261662825384334e+00
9.010400000000583532e+03	-1.042969819057240954e+01	9.650261662825384334e+00
9.010600000000584259e+03	-1.043637138133123088e+01	9.650261662825384334e+00
9.010800000000584987e+03	-1.044290186269949494e+01	9.650261662825384334e+00
9.011000000000585715e+03	-1.044930289870108453e+01	9.650261662825384334e+00
9.011200000000586442e+03	-1.045558743856542883e+01	9.650261662825384334e+00
9.011400000000587170e+03	-1.046176822719049326e+01	9.650261662825384334e+00
9.011600000000587897e+03	-1.046785791327737591e+01	9.650261662825384334e+00
9.011800000000588625e+03	-1.047386915980489874e+01	9.650261662825384334e+00
9.012000000000589353e+03	-1.047981475766984083e+01	9.650261662825384334e+00
9.012200000000590080e+03	-1.048570774641467374e+01	9.650261662825384334e+00
9.012400000000590808e+03	-1.049156154558352050e+01	9.650261662825384334e+00
9.012600000000591535e+03	-1.049739010056854482e+01	9.650261662825384334e+00
9.012800000000592263e+03	-1.050320804689230592e+01	9.650261662825384334e+00
9.013000000000592991e+03	-1.050903090077829027e+01	9.650261662825384334e+00
9.013200000000593718e+03	-1.051487528254115311e+01	9.650261662825384334e+00
9.013400000000594446e+03	-1.052075918302474911e+01	9.650261662825384334e+00
9.013600000000595173e+03	-1.052670228800226759e+01	9.650261662825384334e+00
9.013800000000595901e+03	-1.053272637727134509e+01	9.650261662825384334e+00
9.014000000000596629e+03	-1.053885582491204786e+01	9.650261662825384334e+00
9.014200000000597356e+03	-1.054511823702043216e+01	9.650261662825384334e+00
9.014400000000598084e+03	-1.055154527808377907e+01	9.650261662825384334e+00
9.014600000000598811e+03	-1.055817376332142565e+01	9.650261662825384334e+00
9.014800000000599539e+03	-1.056504713363062820e+01	9.650261662825384334e+00
9.015000000000600267e+03	-1.057221749642448039e+01	9.650261662825384334e+00
9.015200000000600994e+03	-1.057974853115482894e+01	9.650261662825384334e+00
9.015400000000601722e+03	-1.058771976762439770e+01	9.650261662825384334e+00
9.015600000000602449e+03	-1.059623315333571902e+01	9.650261662825384334e+00
9.015800000000603177e+03	-1.060542366562617111e+01	9.650261662825384334e+00
9.016000000000603904e+03	-1.061547765225023277e+01	9.650261662825384334e+00
9.016200000000604632e+03	-1.062666753905151928e+01	9.650261662825384334e+00
9.016400000000605360e+03	-1.063942675485805722e+01	9.650261662825384334e+00
9.016600000000606087e+03	-1.065454989630569216e+01	9.650261662825384334e+00
9.016800000000606815e+03	-1.067401983856534464e+01	9.650261662825384334e+00
9.017000000000607542e+03	-1.069816852306126975e+01	9.654786431186579421e+00
9.017200000000608270e+03	-1.071947221594896327e+01	9.669781719919972929e+00
9.017400000000608998e+03	-1.073379763722041957e+01	9.684777008653366437e+00
9.017600000000609725e+03	-1.074410646415823400e+01	9.699772297386759945e+00
9.017800000000610453e+03	-1.075142234798384777e+01	9.714767586120153453e+00
9.018000000000611180e+03	-1.075625202241750955e+01	9.729762874853546961e+00
9.018200000000611908e+03	-1.075888372795598613e+01	9.744758163586940469e+00
9.018400000000612636e+03	-1.075948928487767375e+01	9.759753452320333977e+00
9.018600000000613363e+03	-1.075816781968811142e+01	9.774748741053727485e+00
9.018800000000614091e+03	-1.075496663072538439e+01	9.789744029787120994e+00
9.019000000000614818e+03	-1.074989112485753218e+01	9.804739318520514502e+00
9.019200000000615546e+03	-1.074290839869792968e+01	9.819734607253908010e+00
9.019400000000616274e+03	-1.073394610839185859e+01	9.834729895987301518e+00
9.019600000000617001e+03	-1.072288667495436165e+01	9.849725184720695026e+00
9.019800000000617729e+03	-1.070955542680319539e+01	9.864720473454088534e+00
9.020000000000618456e+03	-1.069369909470988311e+01	9.879715762187482042e+00
9.020200000000619184e+03	-1.067494647523651352e+01	9.894711050920875550e+00
9.020400000000619912e+03	-1.065273126184516705e+01	9.909706339654269058e+00
9.020600000000620639e+03	-1.062611990192382017e+01	9.924701628387662566e+00
9.020800000000621367e+03	-1.059333162221565061e+01	9.939696917121056075e+00
9.021000000000622094e+03	-1.054960427970109116e+01	9.954692205854449583e+00
9.021200000000622822e+03	-1.049787444284962845e+01	9.955836473274841225e+00
9.021400000000623550e+03	-1.045318425158229481e+01	9.940841184541442388e+00
9.021600000000624277e+03	-1.042018914690403264e+01	9.925845895808041774e+00
9.021800000000625005e+03	-1.039375092559511771e+01	9.910850607074641161e+00
9.022000000000625732e+03	-1.037200172696620726e+01	9.895855318341242324e+00
9.022200000000626460e+03	-1.035398131853112780e+01	9.880860029607841710e+00
9.022400000000627188e+03	-1.033911939792786860e+01	9.865864740874441097e+00
9.022600000000627915e+03	-1.032705313700423311e+01	9.850869452141042260e+00
9.022800000000628643e+03	-1.031754673091628227e+01	9.835874163407641646e+00
9.023000000000629370e+03	-1.031045135343761565e+01	9.820878874674241032e+00
9.023200000000630098e+03	-1.030568428289276994e+01	9.805883585940842195e+00
9.023400000000630826e+03	-1.030321872497500735e+01	9.790888297207441582e+00
9.023600000000631553e+03	-1.030308087800791483e+01	9.775893008474040968e+00
9.023800000000632281e+03	-1.030535333420232114e+01	9.760897719740642131e+00
9.024000000000633008e+03	-1.031018587843395551e+01	9.745902431007241518e+00
9.024200000000633736e+03	-1.031781739421726662e+01	9.730907142273840904e+00
9.024400000000634464e+03	-1.032861790747757702e+01	9.715911853540442067e+00
9.024600000000635191e+03	-1.034317350876351149e+01	9.700916564807041453e+00
9.024800000000635919e+03	-1.036248074106307726e+01	9.685921276073640840e+00
9.025000000000636646e+03	-1.038850613175256932e+01	9.670925987340242003e+00
9.025200000000637374e+03	-1.042680013628289082e+01	9.655930698606841389e+00
9.025400000000638101e+03	-1.047081522122433661e+01	9.659587915777322564e+00
9.025600000000638829e+03	-1.050550139716392906e+01	9.674583204510716072e+00
9.025800000000639557e+03	-1.052979820462279825e+01	9.689578493244109580e+00
9.026000000000640284e+03	-1.054803922556950191e+01	9.704573781977503089e+00
9.026200000000641012e+03	-1.056188960788328757e+01	9.719569070710896597e+00
9.026400000000641739e+03	-1.057222868064221188e+01	9.734564359444290105e+00
9.026600000000642467e+03	-1.057958774505546273e+01	9.749559648177683613e+00
9.026800000000643195e+03	-1.058430986205922331e+01	9.764554936911077121e+00
9.027000000000643922e+03	-1.058662202644315187e+01	9.779550225644470629e+00
9.027200000000644650e+03	-1.058667183269529133e+01	9.794545514377864137e+00
9.027400000000645377e+03	-1.058454706021317371e+01	9.809540803111257645e+00
9.027600000000646105e+03	-1.058028569704840471e+01	9.824536091844651153e+00
9.027800000000646833e+03	-1.057387955569356741e+01	9.839531380578044661e+00
9.028000000000647560e+03	-1.056527241764604597e+01	9.854526669311438170e+00
9.028200000000648288e+03	-1.055435194864678117e+01	9.869521958044831678e+00
9.028400000000649015e+03	-1.054093239339728605e+01	9.884517246778225186e+00
9.028600000000649743e+03	-1.052472056701653713e+01	9.899512535511618694e+00
9.028800000000650471e+03	-1.050524598891002803e+01	9.914507824245012202e+00
9.029000000000651198e+03	-1.048169810376914590e+01	9.929503112978405710e+00
9.029200000000651926e+03	-1.045244669356270428e+01	9.944498401711799218e+00
9.029400000000652653e+03	-1.041272132054908894e+01	9.959493690445192726e+00
9.029600000000653381e+03	-1.037012389233137988e+01	9.956898486307721896e+00
9.029800000000654109e+03	-1.033592996200302316e+01	9.949400841941022477e+00
9.030000000000654836e+03	-1.030821967529608507e+01	9.941903197574324835e+00
9.030200000000655564e+03	-1.028432590394830370e+01	9.934405553207627193e+00
9.030400000000656291e+03	-1.026312961361705511e+01	9.926907908840927774e+00
9.030600000000657019e+03	-1.024400755107858707e+01	9.919410264474230132e+00
9.030800000000657747e+03	-1.022656331411689301e+01	9.911912620107530714e+00
9.031000000000658474e+03	-1.021052386093393949e+01	9.904414975740833071e+00
9.031200000000659202e+03	-1.019569075239799005e+01	9.896917331374133653e+00
9.031400000000659929e+03	-1.018191408864981362e+01	9.889419687007436011e+00
9.031600000000660657e+03	-1.016907730078191285e+01	9.881922042640738368e+00
9.031800000000661385e+03	-1.015708768161810660e+01	9.874424398274038950e+00
9.032000000000662112e+03	-1.014587018915714189e+01	9.866926753907341308e+00
9.032200000000662840e+03	-1.013536322601730078e+01	9.859429109540641889e+00
9.032400000000663567e+03	-1.012551567380703865e+01	9.851931465173944247e+00
9.032600000000664295e+03	-1.011628475228285673e+01	9.844433820807246605e+00
9.032800000000665023e+03	-1.010763444299451308e+01	9.836936176440547186e+00
9.033000000000665750e+03	-1.009953430813732211e+01	9.829438532073849544e+00
9.033200000000666478e+03	-1.009195859519054927e+01	9.821940887707150125e+00
9.033400000000667205e+03	-1.008488555339343407e+01	9.814443243340452483e+00
9.033600000000667933e+03	-1.007829691093101232e+01	9.806945598973753064e+00
9.033800000000668661e+03	-1.007217747976658728e+01	9.799447954607055422e+00
9.034000000000669388e+03	-1.006651486210950175e+01	9.791950310240357780e+00
9.034200000000670116e+03	-1.006129924553599153e+01	9.784452665873658361e+00
9.034400000000670843e+03	-1.005652327610001784e+01	9.776955021506960719e+00
9.034600000000671571e+03	-1.005218200770069004e+01	9.769457377140261300e+00
9.034800000000672298e+03	-1.004827292795280869e+01	9.761959732773563658e+00
9.035000000000673026e+03	-1.004479607293596466e+01	9.754462088406866016e+00
9.035200000000673754e+03	-1.004175424502381908e+01	9.746964444040166597e+00
9.035400000000674481e+03	-1.003915336459127872e+01	9.739466799673468955e+00
9.035600000000675209e+03	-1.003700300393341927e+01	9.731969155306769537e+00
9.035800000000675936e+03	-1.003531717808694346e+01	9.724471510940071894e+00
9.036000000000676664e+03	-1.003411552193485257e+01	9.716973866573374252e+00
9.036200000000677392e+03	-1.003342506868933093e+01	9.709476222206674834e+00
9.036400000000678119e+03	-1.003328301753595042e+01	9.701978577839977191e+00
9.036600000000678847e+03	-1.003374122434328797e+01	9.694480933473277773e+00
9.036800000000679574e+03	-1.003487391905249559e+01	9.686983289106580131e+00
9.037000000000680302e+03	-1.003679206045364225e+01	9.679485644739880712e+00
9.037200000000681030e+03	-1.003967326080370981e+01	9.671988000373183070e+00
9.037400000000681757e+03	-1.004383639615995527e+01	9.664490356006485428e+00
9.037600000000682485e+03	-1.005000485869653737e+01	9.656992711639786009e+00
9.037800000000683212e+03	-1.005944407755922043e+01	9.650261662825384334e+00
9.038000000000683940e+03	-1.006836472629881918e+01	9.650261662825384334e+00
9.038200000000684668e+03	-1.007354378628357061e+01	9.650261662825384334e+00
9.038400000000685395e+03	-1.007666663955821917e+01	9.650261662825384334e+00
9.038600000000686123e+03	-1.007824755692416474e+01	9.650261662825384334e+00
9.038800000000686850e+03	-1.007848160863153986e+01	9.650261662825384334e+00
9.039000000000687578e+03	-1.007740402633873700e+01	9.650261662825384334e+00
9.039200000000688306e+03	-1.007491903425997215e+01	9.650261662825384334e+00
9.039400000000689033e+03	-1.007075711465192924e+01	9.650261662825384334e+00
9.039600000000689761e+03	-1.006429084756355330e+01	9.650261662825384334e+00
9.039800000000690488e+03	-1.005361009765147351e+01	9.650261662825384334e+00
9.040000000000691216e+03	-1.004138180998633878e+01	9.643440858412665406e+00
9.040200000000691944e+03	-1.003264851157576310e+01	9.633443999257069734e+00
9.040400000000692671e+03	-1.002733264792098922e+01	9.623447140101474062e+00
9.040600000000693399e+03	-1.002410833251353850e+01	9.613450280945878390e+00
9.040800000000694126e+03	-1.002246113982197251e+01	9.603453421790282718e+00
9.041000000000694854e+03	-1.002212138197449498e+01	9.593456562634687046e+00
9.041200000000695582e+03	-1.002292852842269788e+01	9.583459703479091374e+00
9.041400000000696309e+03	-1.002478094906749284e+01	9.573462844323495702e+00
9.041600000000697037e+03	-1.002761290979096742e+01	9.563465985167900030e+00
9.041800000000697764e+03	-1.003138263004485431e+01	9.553469126012306134e+00
9.042000000000698492e+03	-1.003606557159955592e+01	9.543472266856710462e+00
9.042200000000699220e+03	-1.004165048866549981e+01	9.533475407701114790e+00
9.042400000000699947e+03	-1.004813707841692505e+01	9.523478548545519118e+00
9.042600000000700675e+03	-1.005553463838381134e+01	9.513481689389923446e+00
9.042800000000701402e+03	-1.006386142258098282e+01	9.503484830234327774e+00
9.043000000000702130e+03	-1.007314453525776266e+01	9.493487971078732102e+00
9.043200000000702858e+03	-1.008342029543446650e+01	9.483491111923136430e+00
9.043400000000703585e+03	-1.009473507135258608e+01	9.473494252767540758e+00
9.043600000000704313e+03	-1.010714664377408667e+01	9.463497393611945085e+00
9.043800000000705040e+03	-1.012072622868814165e+01	9.453500534456349413e+00
9.044000000000705768e+03	-1.013556138201910528e+01	9.443503675300753741e+00
9.044200000000706495e+03	-1.015176016322160990e+01	9.433506816145158069e+00
9.044400000000707223e+03	-1.016945718417095179e+01	9.423509956989562397e+00
9.044600000000707951e+03	-1.018882263106131703e+01	9.413513097833966725e+00
9.044800000000708678e+03	-1.021007623630862682e+01	9.403516238678371053e+00
9.045000000000709406e+03	-1.023351004276121046e+01	9.393519379522775381e+00
9.045200000000710133e+03	-1.025952810820513150e+01	9.383522520367179709e+00
9.045400000000710861e+03	-1.028872258863028577e+01	9.373525661211584037e+00
9.045600000000711589e+03	-1.032204108930802633e+01	9.363528802055988365e+00
9.045800000000712316e+03	-1.036124765598991360e+01	9.353531942900392693e+00
9.046000000000713044e+03	-1.041093939090150933e+01	9.343535083744797021e+00
9.046200000000713771e+03	-1.046909787946365178e+01	9.346207575979875060e+00
9.046400000000714499e+03	-1.052071344124168384e+01	9.366201294291071733e+00
9.046600000000715227e+03	-1.056027804990353935e+01	9.386195012602268406e+00
9.046800000000715954e+03	-1.059316236757364393e+01	9.406188730913466856e+00
9.047000000000716682e+03	-1.062132161468034219e+01	9.426182449224663529e+00
9.047200000000717409e+03	-1.064577734362350370e+01	9.446176167535860202e+00
9.047400000000718137e+03	-1.066715591981359168e+01	9.466169885847058652e+00
9.047600000000718865e+03	-1.068587797028700770e+01	9.486163604158255325e+00
9.047800000000719592e+03	-1.070224270590042082e+01	9.506157322469451998e+00
9.048000000000720320e+03	-1.071647123294286352e+01	9.526151040780648671e+00
9.048200000000721047e+03	-1.072873105918751691e+01	9.546144759091847121e+00
9.048400000000721775e+03	-1.073915094531945691e+01	9.566138477403043794e+00
9.048600000000722503e+03	-1.074783035871645964e+01	9.586132195714240467e+00
9.048800000000723230e+03	-1.075484569324954798e+01	9.606125914025437140e+00
9.049000000000723958e+03	-1.076025443097249479e+01	9.626119632336635590e+00
9.049200000000724685e+03	-1.076409791312553388e+01	9.646113350647832263e+00
9.049400000000725413e+03	-1.076640310683669099e+01	9.666107068959028936e+00
9.049600000000726141e+03	-1.076718358858503066e+01	9.686100787270225609e+00
9.049800000000726868e+03	-1.076643985020985994e+01	9.706094505581424059e+00
9.050000000000727596e+03	-1.076415894756983072e+01	9.726088223892620732e+00
9.050200000000728323e+03	-1.076031342458635720e+01	9.746081942203817405e+00
9.050400000000729051e+03	-1.075485934221006268e+01	9.766075660515014079e+00
9.050600000000729779e+03	-1.074773308122904147e+01	9.786069378826212528e+00
9.050800000000730506e+03	-1.073884632793765270e+01	9.806063097137409201e+00
9.051000000000731234e+03	-1.072807815694719302e+01	9.826056815448605875e+00
9.051200000000731961e+03	-1.071526212983519954e+01	9.846050533759802548e+00
9.051400000000732689e+03	-1.070016411326716010e+01	9.866044252071000997e+00
9.051600000000733417e+03	-1.068244095405797367e+01	9.886037970382197670e+00
9.051800000000734144e+03	-1.066155373431686115e+01	9.906031688693394344e+00
9.052000000000734872e+03	-1.063654707830309931e+01	9.926025407004591017e+00
9.052200000000735599e+03	-1.060522428952396190e+01	9.946019125315789466e+00
9.052400000000736327e+03	-1.056503449775422254e+01	9.962761983931343934e+00
9.052600000000737055e+03	-1.052598216748542193e+01	9.962761983931343934e+00
9.052800000000737782e+03	-1.049563154223651118e+01	9.962761983931343934e+00
9.053000000000738510e+03	-1.046952962744593840e+01	9.962761983931343934e+00
9.053200000000739237e+03	-1.044614722304077681e+01	9.962761983931343934e+00
9.053400000000739965e+03	-1.042470459436658281e+01	9.962761983931343934e+00
9.053600000000740692e+03	-1.040472553303976255e+01	9.962761983931343934e+00
9.053800000000741420e+03	-1.038588584363809453e+01	9.962761983931343934e+00
9.054000000000742148e+03	-1.036794722794202350e+01	9.962761983931343934e+00
9.054200000000742875e+03	-1.035072346074975336e+01	9.962761983931343934e+00
9.054400000000743603e+03	-1.033406087803177442e+01	9.962761983931343934e+00
9.054600000000744330e+03	-1.031782582408148308e+01	9.962761983931343934e+00
9.054800000000745058e+03	-1.030189554270793373e+01	9.962761983931343934e+00
9.055000000000745786e+03	-1.028615050063651815e+01	9.962761983931343934e+00
9.055200000000746513e+03	-1.027046662078648609e+01	9.962761983931343934e+00
9.055400000000747241e+03	-1.025470571403324449e+01	9.962761983931343934e+00
9.055600000000747968e+03	-1.023870129759887604e+01	9.962761983931343934e+00
9.055800000000748696e+03	-1.022223371486871457e+01	9.962761983931343934e+00
9.056000000000749424e+03	-1.020497811418537992e+01	9.962761983931343934e+00
9.056200000000750151e+03	-1.018636664503318023e+01	9.962761983931343934e+00
9.056400000000750879e+03	-1.016501538114290426e+01	9.962761983931343934e+00
9.056600000000751606e+03	-1.014083463412996799e+01	9.959536059219896487e+00
9.056800000000752334e+03	-1.011881584840248038e+01	9.949539200064300815e+00
9.057000000000753062e+03	-1.010153364120528252e+01	9.939542340908705143e+00
9.057200000000753789e+03	-1.008702460236470166e+01	9.929545481753109470e+00
9.057400000000754517e+03	-1.007459056728052005e+01	9.919548622597513798e+00
9.057600000000755244e+03	-1.006387151049106166e+01	9.909551763441918126e+00
9.057800000000755972e+03	-1.005464933881331646e+01	9.899554904286322454e+00
9.058000000000756700e+03	-1.004677993316264484e+01	9.889558045130726782e+00
9.058200000000757427e+03	-1.004016323005906486e+01	9.879561185975131110e+00
9.058400000000758155e+03	-1.003472799105912472e+01	9.869564326819535438e+00
9.058600000000758882e+03	-1.003042326361803305e+01	9.859567467663939766e+00
9.058800000000759610e+03	-1.002721326933540347e+01	9.849570608508344094e+00
9.059000000000760338e+03	-1.002507420968800034e+01	9.839573749352748422e+00
9.059200000000761065e+03	-1.002399223217077306e+01	9.829576890197152750e+00
9.059400000000761793e+03	-1.002396214544177866e+01	9.819580031041557078e+00
9.059600000000762520e+03	-1.002498665824201751e+01	9.809583171885961406e+00
9.059800000000763248e+03	-1.002707601338034671e+01	9.799586312730365734e+00
9.060000000000763976e+03	-1.003024795113714340e+01	9.789589453574770062e+00
9.060200000000764703e+03	-1.003452798076322239e+01	9.779592594419174389e+00
9.060400000000765431e+03	-1.003994997190122973e+01	9.769595735263578717e+00
9.060600000000766158e+03	-1.004655711862759482e+01	9.759598876107983045e+00
9.060800000000766886e+03	-1.005440337768214043e+01	9.749602016952387373e+00
9.061000000000767614e+03	-1.006355555631237486e+01	9.739605157796791701e+00
9.061200000000768341e+03	-1.007409635270616910e+01	9.729608298641196029e+00
9.061400000000769069e+03	-1.008612888255550111e+01	9.719611439485600357e+00
9.061600000000769796e+03	-1.009978368437738183e+01	9.709614580330004685e+00
9.061800000000770524e+03	-1.011523019355523445e+01	9.699617721174409013e+00
9.062000000000771252e+03	-1.013269709881364911e+01	9.689620862018813341e+00
9.062200000000771979e+03	-1.015251285332031728e+01	9.679624002863217669e+00
9.062400000000772707e+03	-1.017520185656926479e+01	9.669627143707621997e+00
9.062600000000773434e+03	-1.020180042866267378e+01	9.659630284552026325e+00
9.062800000000774162e+03	-1.023445641511249171e+01	9.650261662825384334e+00
9.063000000000774889e+03	-1.026831859532723001e+01	9.650261662825384334e+00
9.063200000000775617e+03	-1.029904335734362064e+01	9.650261662825384334e+00
9.063400000000776345e+03	-1.032925836785538110e+01	9.650261662825384334e+00
9.063600000000777072e+03	-1.036007385331211239e+01	9.650261662825384334e+00
9.063800000000777800e+03	-1.039230327390393960e+01	9.650261662825384334e+00
9.064000000000778527e+03	-1.042676272860974329e+01	9.650261662825384334e+00
9.064200000000779255e+03	-1.046446845504843992e+01	9.650261662825384334e+00
9.064400000000779983e+03	-1.050693650289334791e+01	9.650261662825384334e+00
9.064600000000780710e+03	-1.055696162606631461e+01	9.650261662825384334e+00
9.064800000000781438e+03	-1.062219723764848744e+01	9.650261662825384334e+00
9.065000000000782165e+03	-1.069338051952511215e+01	9.675969320579822508e+00
9.065200000000782893e+03	-1.075052721840370396e+01	9.715956757202205196e+00
9.065400000000783621e+03	-1.079292428193514120e+01	9.755944193824587884e+00
9.065600000000784348e+03	-1.082627570271620421e+01	9.795931630446970573e+00
9.065800000000785076e+03	-1.085282719149880748e+01	9.835919067069353261e+00
9.066000000000785803e+03	-1.087379440520858154e+01	9.875906503691734173e+00
9.066200000000786531e+03	-1.088993446143170196e+01	9.915893940314116861e+00
9.066400000000787259e+03	-1.090175681804626606e+01	9.955881376936499549e+00
9.066600000000787986e+03	-1.090962005758678899e+01	9.995868813558882238e+00
9.066800000000788714e+03	-1.091378259160131314e+01	1.003585625018126493e+01
9.067000000000789441e+03	-1.091443165389319425e+01	1.007584368680364761e+01
9.067200000000790169e+03	-1.091170087062286420e+01	1.011583112342603030e+01
9.067400000000790897e+03	-1.090568127885695660e+01	1.015581856004841299e+01
9.067600000000791624e+03	-1.089642828617170700e+01	1.019580599667079568e+01
9.067800000000792352e+03	-1.088396592153109488e+01	1.023579343329317837e+01
9.068000000000793079e+03	-1.086828911560711219e+01	1.027578086991556106e+01
9.068200000000793807e+03	-1.084936439661622387e+01	1.031576830653794374e+01
9.068400000000794535e+03	-1.082712915055887848e+01	1.035575574316032643e+01
9.068600000000795262e+03	-1.080148940867005081e+01	1.039574317978270912e+01
9.068800000000795990e+03	-1.077231593129545573e+01	1.043573061640509181e+01
9.069000000000796717e+03	-1.073943812071424730e+01	1.047571805302747272e+01
9.069200000000797445e+03	-1.070263493974723268e+01	1.051570548964985541e+01
9.069400000000798173e+03	-1.066162142513608302e+01	1.055569292627223810e+01
9.069600000000798900e+03	-1.061602833553336289e+01	1.059568036289462079e+01
9.069800000000799628e+03	-1.056537044961833516e+01	1.063566779951700347e+01
9.070000000000800355e+03	-1.050899480889538040e+01	1.067565523613938616e+01
9.070200000000801083e+03	-1.044599049971082749e+01	1.071564267276176885e+01
9.070400000000801811e+03	-1.037501626494504592e+01	1.075563010938415154e+01
9.070600000000802538e+03	-1.029392335399696634e+01	1.079561754600653423e+01
9.070800000000803266e+03	-1.019872602580243282e+01	1.083560498262891691e+01
9.071000000000803993e+03	-1.007917203378207738e+01	1.087559241925129960e+01
9.071200000000804721e+03	-9.937917372059759558e+00	1.088877526578087007e+01
9.071400000000805449e+03	-9.809998689738561595e+00	1.085878468831407062e+01
9.071600000000806176e+03	-9.710349968686722733e+00	1.082879411084727117e+01
9.071800000000806904e+03	-9.625994408152806159e+00	1.079880353338046994e+01
9.072000000000807631e+03	-9.552269838420718528e+00	1.076881295591367049e+01
9.072200000000808359e+03	-9.486762619973182709e+00	1.073882237844687104e+01
9.072400000000809086e+03	-9.428005769872552122e+00	1.070883180098006981e+01
9.072600000000809814e+03	-9.375024484891977039e+00	1.067884122351327036e+01
9.072800000000810542e+03	-9.327135392860432361e+00	1.064885064604647091e+01
9.073000000000811269e+03	-9.283844564049955395e+00	1.061886006857967146e+01
9.073200000000811997e+03	-9.244790990492923299e+00	1.058886949111287024e+01
9.073400000000812724e+03	-9.209713843044303516e+00	1.055887891364607079e+01
9.073600000000813452e+03	-9.178433754995488414e+00	1.052888833617927133e+01
9.073800000000814180e+03	-9.150843720311481633e+00	1.049889775871247011e+01
9.074000000000814907e+03	-9.126908187201520306e+00	1.046890718124567066e+01
9.074200000000815635e+03	-9.106671489471748870e+00	1.043891660377887121e+01
9.074400000000816362e+03	-9.090280572530408776e+00	1.040892602631207176e+01
9.074600000000817090e+03	-9.078035786099635018e+00	1.037893544884527053e+01
9.074800000000817818e+03	-9.070510713868852548e+00	1.034894487137847108e+01
9.075000000000818545e+03	-9.068897229893355671e+00	1.031895429391167163e+01
9.075200000000819273e+03	-9.076589289683891337e+00	1.028896371644487040e+01
9.075400000000820000e+03	-9.090368586710885879e+00	1.026983258301756052e+01
9.075600000000820728e+03	-9.100174928374153538e+00	1.025983572386196130e+01
9.075800000000821456e+03	-9.104100504127888627e+00	1.024983886470636385e+01
9.076000000000822183e+03	-9.105285228152514065e+00	1.023984200555076463e+01
9.076200000000822911e+03	-9.104900531200843972e+00	1.022984514639516540e+01
9.076400000000823638e+03	-9.103562181159308153e+00	1.021984828723956795e+01
9.076600000000824366e+03	-9.101648826455738472e+00	1.020985142808396873e+01
9.076800000000825094e+03	-9.099416726321091886e+00	1.019985456892836950e+01
9.077000000000825821e+03	-9.097051732614065855e+00	1.018985770977277205e+01
9.077200000000826549e+03	-9.094696498384717387e+00	1.017986085061717283e+01
9.077400000000827276e+03	-9.092466310753723135e+00	1.016986399146157538e+01
9.077600000000828004e+03	-9.090459183264286480e+00	1.015986713230597616e+01
9.077800000000828732e+03	-9.088762914533518256e+00	1.014987027315037693e+01
9.078000000000829459e+03	-9.087460596357930243e+00	1.013987341399477948e+01
9.078200000000830187e+03	-9.086635540113624288e+00	1.012987655483918026e+01
9.078400000000830914e+03	-9.086376444373179595e+00	1.011987969568358103e+01
9.078600000000831642e+03	-9.086783782356926409e+00	1.010988283652798359e+01
9.078800000000832370e+03	-9.087978986105730073e+00	1.009988597737238436e+01
9.079000000000833097e+03	-9.090119575704967758e+00	1.008988911821678514e+01
9.079200000000833825e+03	-9.093427710403359399e+00	1.007989225906118769e+01
9.079400000000834552e+03	-9.098253732599276944e+00	1.006989539990558846e+01
9.079600000000835280e+03	-9.105257307642842690e+00	1.005989854074999101e+01
9.079800000000836008e+03	-9.116252632292898284e+00	1.004990168159439179e+01
